document_id,entity,entity_type,source,method,confidence,evidence
112025,Chính phủ,CoQuan,content_clean,heuristic,0.75,"CHÍNH PHỦ CỘNG HÒA XÃ HỘI CHỦ NGHĨA VIỆT NAM Độc lập – Tự do – Hạnh phúc Số: 73/2016/NĐ-CP Hà Nội, ngày 01 tháng 7 năm 2016 NGHỊ ĐỊNH QUY ĐỊNH CHI TIẾT THI HÀNH LUẬT KINH DOANH BẢO HIỂM VÀ LUẬT SỬA ĐỔI, BỔ SUNG MỘT SỐ ĐI"
112025,Tài chính,CoQuan,content_clean,heuristic,0.75,"CHÍNH PHỦ CỘNG HÒA XÃ HỘI CHỦ NGHĨA VIỆT NAM Độc lập – Tự do – Hạnh phúc Số: 73/2016/NĐ-CP Hà Nội, ngày 01 tháng 7 năm 2016 NGHỊ ĐỊNH QUY ĐỊNH CHI TIẾT THI HÀNH LUẬT KINH DOANH BẢO HIỂM VÀ LUẬT SỬA ĐỔI, BỔ SUNG MỘT SỐ ĐI"
112025,Nguyễn Xuân Phúc,NguoiKy,content_clean,heuristic,0.75,"CHÍNH PHỦ CỘNG HÒA XÃ HỘI CHỦ NGHĨA VIỆT NAM Độc lập – Tự do – Hạnh phúc Số: 73/2016/NĐ-CP Hà Nội, ngày 01 tháng 7 năm 2016 NGHỊ ĐỊNH QUY ĐỊNH CHI TIẾT THI HÀNH LUẬT KINH DOANH BẢO HIỂM VÀ LUẬT SỬA ĐỔI, BỔ SUNG MỘT SỐ ĐI"
112025,Trung ương,DoiTuongApDung,content_clean,heuristic,0.7,"CHÍNH PHỦ CỘNG HÒA XÃ HỘI CHỦ NGHĨA VIỆT NAM Độc lập – Tự do – Hạnh phúc Số: 73/2016/NĐ-CP Hà Nội, ngày 01 tháng 7 năm 2016 NGHỊ ĐỊNH QUY ĐỊNH CHI TIẾT THI HÀNH LUẬT KINH DOANH BẢO HIỂM VÀ LUẬT SỬA ĐỔI, BỔ SUNG MỘT SỐ ĐI"
112025,Tổ chức tín dụng,DoiTuongApDung,content_clean,heuristic,0.7,"CHÍNH PHỦ CỘNG HÒA XÃ HỘI CHỦ NGHĨA VIỆT NAM Độc lập – Tự do – Hạnh phúc Số: 73/2016/NĐ-CP Hà Nội, ngày 01 tháng 7 năm 2016 NGHỊ ĐỊNH QUY ĐỊNH CHI TIẾT THI HÀNH LUẬT KINH DOANH BẢO HIỂM VÀ LUẬT SỬA ĐỔI, BỔ SUNG MỘT SỐ ĐI"
112025,Chi nhánh ngân hàng nước ngoài,DoiTuongApDung,content_clean,heuristic,0.7,"CHÍNH PHỦ CỘNG HÒA XÃ HỘI CHỦ NGHĨA VIỆT NAM Độc lập – Tự do – Hạnh phúc Số: 73/2016/NĐ-CP Hà Nội, ngày 01 tháng 7 năm 2016 NGHỊ ĐỊNH QUY ĐỊNH CHI TIẾT THI HÀNH LUẬT KINH DOANH BẢO HIỂM VÀ LUẬT SỬA ĐỔI, BỔ SUNG MỘT SỐ ĐI"
112025,Quỹ tín dụng nhân dân,DoiTuongApDung,content_clean,heuristic,0.7,"CHÍNH PHỦ CỘNG HÒA XÃ HỘI CHỦ NGHĨA VIỆT NAM Độc lập – Tự do – Hạnh phúc Số: 73/2016/NĐ-CP Hà Nội, ngày 01 tháng 7 năm 2016 NGHỊ ĐỊNH QUY ĐỊNH CHI TIẾT THI HÀNH LUẬT KINH DOANH BẢO HIỂM VÀ LUẬT SỬA ĐỔI, BỔ SUNG MỘT SỐ ĐI"
112025,Tài chính,LinhVuc,content_clean,heuristic,0.7,"CHÍNH PHỦ CỘNG HÒA XÃ HỘI CHỦ NGHĨA VIỆT NAM Độc lập – Tự do – Hạnh phúc Số: 73/2016/NĐ-CP Hà Nội, ngày 01 tháng 7 năm 2016 NGHỊ ĐỊNH QUY ĐỊNH CHI TIẾT THI HÀNH LUẬT KINH DOANH BẢO HIỂM VÀ LUẬT SỬA ĐỔI, BỔ SUNG MỘT SỐ ĐI"
112025,Bộ Tài chính,CoQuan,content_clean,heuristic,0.8,"CHÍNH PHỦ CỘNG HÒA XÃ HỘI CHỦ NGHĨA VIỆT NAM Độc lập – Tự do – Hạnh phúc Số: 73/2016/NĐ-CP Hà Nội, ngày 01 tháng 7 năm 2016 NGHỊ ĐỊNH QUY ĐỊNH CHI TIẾT THI HÀNH LUẬT KINH DOANH BẢO HIỂM VÀ LUẬT SỬA ĐỔI, BỔ SUNG MỘT SỐ ĐI"
112924,Bộ Tài chính,CoQuan,content_clean,heuristic,0.75,"BỘ TÀI CHÍNH CỘNG HÒA XÃ HỘI CHỦ NGHĨA VIỆT NAM Độc lập – Tự do – Hạnh phúc Số: 105/2016/TT-BTC Hà Nội, ngày 29 tháng 06 năm 2016 THÔNG TƯ HƯỚNG DẪN HOẠT ĐỘNG ĐẦU TƯ GIÁN TIẾP RA NƯỚC NGOÀI CỦA TỔ CHỨC KINH DOANH CHỨNG K"
112924,Tài chính,CoQuan,content_clean,heuristic,0.75,"BỘ TÀI CHÍNH CỘNG HÒA XÃ HỘI CHỦ NGHĨA VIỆT NAM Độc lập – Tự do – Hạnh phúc Số: 105/2016/TT-BTC Hà Nội, ngày 29 tháng 06 năm 2016 THÔNG TƯ HƯỚNG DẪN HOẠT ĐỘNG ĐẦU TƯ GIÁN TIẾP RA NƯỚC NGOÀI CỦA TỔ CHỨC KINH DOANH CHỨNG K"
112924,Trần Xuân Hà,NguoiKy,content_clean,heuristic,0.75,"BỘ TÀI CHÍNH CỘNG HÒA XÃ HỘI CHỦ NGHĨA VIỆT NAM Độc lập – Tự do – Hạnh phúc Số: 105/2016/TT-BTC Hà Nội, ngày 29 tháng 06 năm 2016 THÔNG TƯ HƯỚNG DẪN HOẠT ĐỘNG ĐẦU TƯ GIÁN TIẾP RA NƯỚC NGOÀI CỦA TỔ CHỨC KINH DOANH CHỨNG K"
112924,Trung ương,DoiTuongApDung,content_clean,heuristic,0.7,"BỘ TÀI CHÍNH CỘNG HÒA XÃ HỘI CHỦ NGHĨA VIỆT NAM Độc lập – Tự do – Hạnh phúc Số: 105/2016/TT-BTC Hà Nội, ngày 29 tháng 06 năm 2016 THÔNG TƯ HƯỚNG DẪN HOẠT ĐỘNG ĐẦU TƯ GIÁN TIẾP RA NƯỚC NGOÀI CỦA TỔ CHỨC KINH DOANH CHỨNG K"
112924,Tổ chức tín dụng,DoiTuongApDung,content_clean,heuristic,0.7,"BỘ TÀI CHÍNH CỘNG HÒA XÃ HỘI CHỦ NGHĨA VIỆT NAM Độc lập – Tự do – Hạnh phúc Số: 105/2016/TT-BTC Hà Nội, ngày 29 tháng 06 năm 2016 THÔNG TƯ HƯỚNG DẪN HOẠT ĐỘNG ĐẦU TƯ GIÁN TIẾP RA NƯỚC NGOÀI CỦA TỔ CHỨC KINH DOANH CHỨNG K"
112924,Chi nhánh ngân hàng nước ngoài,DoiTuongApDung,content_clean,heuristic,0.7,"BỘ TÀI CHÍNH CỘNG HÒA XÃ HỘI CHỦ NGHĨA VIỆT NAM Độc lập – Tự do – Hạnh phúc Số: 105/2016/TT-BTC Hà Nội, ngày 29 tháng 06 năm 2016 THÔNG TƯ HƯỚNG DẪN HOẠT ĐỘNG ĐẦU TƯ GIÁN TIẾP RA NƯỚC NGOÀI CỦA TỔ CHỨC KINH DOANH CHỨNG K"
112924,Quỹ tín dụng nhân dân,DoiTuongApDung,content_clean,heuristic,0.7,"BỘ TÀI CHÍNH CỘNG HÒA XÃ HỘI CHỦ NGHĨA VIỆT NAM Độc lập – Tự do – Hạnh phúc Số: 105/2016/TT-BTC Hà Nội, ngày 29 tháng 06 năm 2016 THÔNG TƯ HƯỚNG DẪN HOẠT ĐỘNG ĐẦU TƯ GIÁN TIẾP RA NƯỚC NGOÀI CỦA TỔ CHỨC KINH DOANH CHỨNG K"
112924,Tài chính,LinhVuc,content_clean,heuristic,0.7,"BỘ TÀI CHÍNH CỘNG HÒA XÃ HỘI CHỦ NGHĨA VIỆT NAM Độc lập – Tự do – Hạnh phúc Số: 105/2016/TT-BTC Hà Nội, ngày 29 tháng 06 năm 2016 THÔNG TƯ HƯỚNG DẪN HOẠT ĐỘNG ĐẦU TƯ GIÁN TIẾP RA NƯỚC NGOÀI CỦA TỔ CHỨC KINH DOANH CHỨNG K"
112924,Ngân hàng Nhà nước Việt Nam,CoQuan,content_clean,heuristic,0.8,"BỘ TÀI CHÍNH CỘNG HÒA XÃ HỘI CHỦ NGHĨA VIỆT NAM Độc lập – Tự do – Hạnh phúc Số: 105/2016/TT-BTC Hà Nội, ngày 29 tháng 06 năm 2016 THÔNG TƯ HƯỚNG DẪN HOẠT ĐỘNG ĐẦU TƯ GIÁN TIẾP RA NƯỚC NGOÀI CỦA TỔ CHỨC KINH DOANH CHỨNG K"
112924,Chính phủ,CoQuan,content_clean,heuristic,0.8,"BỘ TÀI CHÍNH CỘNG HÒA XÃ HỘI CHỦ NGHĨA VIỆT NAM Độc lập – Tự do – Hạnh phúc Số: 105/2016/TT-BTC Hà Nội, ngày 29 tháng 06 năm 2016 THÔNG TƯ HƯỚNG DẪN HOẠT ĐỘNG ĐẦU TƯ GIÁN TIẾP RA NƯỚC NGOÀI CỦA TỔ CHỨC KINH DOANH CHỨNG K"
117310,Ngân hàng Nhà nước Việt Nam,CoQuan,content_clean,heuristic,0.75,"NGÂN HÀNG NHÀ NƯỚC VIỆT NAM CỘNG HÒA XÃ HỘI CHỦ NGHĨA VIỆT NAM Độc lập – Tự do – Hạnh phúc Số: 41/2016/TT-NHNN Hà Nội, Ngày 30 tháng 12 năm 2016 THÔNG TƯ Quy định tỷ lệ an toàn vốn đối với ngân hàng, chi nhánh ngân hàng "
117310,Ngân hàng,CoQuan,content_clean,heuristic,0.75,"NGÂN HÀNG NHÀ NƯỚC VIỆT NAM CỘNG HÒA XÃ HỘI CHỦ NGHĨA VIỆT NAM Độc lập – Tự do – Hạnh phúc Số: 41/2016/TT-NHNN Hà Nội, Ngày 30 tháng 12 năm 2016 THÔNG TƯ Quy định tỷ lệ an toàn vốn đối với ngân hàng, chi nhánh ngân hàng "
117310,Nguyễn Đồng Tiến,NguoiKy,content_clean,heuristic,0.75,"NGÂN HÀNG NHÀ NƯỚC VIỆT NAM CỘNG HÒA XÃ HỘI CHỦ NGHĨA VIỆT NAM Độc lập – Tự do – Hạnh phúc Số: 41/2016/TT-NHNN Hà Nội, Ngày 30 tháng 12 năm 2016 THÔNG TƯ Quy định tỷ lệ an toàn vốn đối với ngân hàng, chi nhánh ngân hàng "
117310,Trung ương,DoiTuongApDung,content_clean,heuristic,0.7,"NGÂN HÀNG NHÀ NƯỚC VIỆT NAM CỘNG HÒA XÃ HỘI CHỦ NGHĨA VIỆT NAM Độc lập – Tự do – Hạnh phúc Số: 41/2016/TT-NHNN Hà Nội, Ngày 30 tháng 12 năm 2016 THÔNG TƯ Quy định tỷ lệ an toàn vốn đối với ngân hàng, chi nhánh ngân hàng "
117310,Tổ chức tín dụng,DoiTuongApDung,content_clean,heuristic,0.7,"NGÂN HÀNG NHÀ NƯỚC VIỆT NAM CỘNG HÒA XÃ HỘI CHỦ NGHĨA VIỆT NAM Độc lập – Tự do – Hạnh phúc Số: 41/2016/TT-NHNN Hà Nội, Ngày 30 tháng 12 năm 2016 THÔNG TƯ Quy định tỷ lệ an toàn vốn đối với ngân hàng, chi nhánh ngân hàng "
117310,Chi nhánh ngân hàng nước ngoài,DoiTuongApDung,content_clean,heuristic,0.7,"NGÂN HÀNG NHÀ NƯỚC VIỆT NAM CỘNG HÒA XÃ HỘI CHỦ NGHĨA VIỆT NAM Độc lập – Tự do – Hạnh phúc Số: 41/2016/TT-NHNN Hà Nội, Ngày 30 tháng 12 năm 2016 THÔNG TƯ Quy định tỷ lệ an toàn vốn đối với ngân hàng, chi nhánh ngân hàng "
117310,Quỹ tín dụng nhân dân,DoiTuongApDung,content_clean,heuristic,0.7,"NGÂN HÀNG NHÀ NƯỚC VIỆT NAM CỘNG HÒA XÃ HỘI CHỦ NGHĨA VIỆT NAM Độc lập – Tự do – Hạnh phúc Số: 41/2016/TT-NHNN Hà Nội, Ngày 30 tháng 12 năm 2016 THÔNG TƯ Quy định tỷ lệ an toàn vốn đối với ngân hàng, chi nhánh ngân hàng "
117310,"Thanh tra, giám sát ngân hàng",LinhVuc,content_clean,heuristic,0.7,"NGÂN HÀNG NHÀ NƯỚC VIỆT NAM CỘNG HÒA XÃ HỘI CHỦ NGHĨA VIỆT NAM Độc lập – Tự do – Hạnh phúc Số: 41/2016/TT-NHNN Hà Nội, Ngày 30 tháng 12 năm 2016 THÔNG TƯ Quy định tỷ lệ an toàn vốn đối với ngân hàng, chi nhánh ngân hàng "
117310,Ngân hàng,LinhVuc,content_clean,heuristic,0.7,"NGÂN HÀNG NHÀ NƯỚC VIỆT NAM CỘNG HÒA XÃ HỘI CHỦ NGHĨA VIỆT NAM Độc lập – Tự do – Hạnh phúc Số: 41/2016/TT-NHNN Hà Nội, Ngày 30 tháng 12 năm 2016 THÔNG TƯ Quy định tỷ lệ an toàn vốn đối với ngân hàng, chi nhánh ngân hàng "
117310,Chính phủ,CoQuan,content_clean,heuristic,0.8,"NGÂN HÀNG NHÀ NƯỚC VIỆT NAM CỘNG HÒA XÃ HỘI CHỦ NGHĨA VIỆT NAM Độc lập – Tự do – Hạnh phúc Số: 41/2016/TT-NHNN Hà Nội, Ngày 30 tháng 12 năm 2016 THÔNG TƯ Quy định tỷ lệ an toàn vốn đối với ngân hàng, chi nhánh ngân hàng "
133858,Chính phủ,CoQuan,content_clean,heuristic,0.75,"CHÍNH PHỦ CỘNG HÒA XÃ HỘI CHỦ NGHĨA VIỆT NAM Độc lập – Tự do – Hạnh phúc Số: 05/2019/NĐ-CP Hà Nội, ngày 22 tháng 01 năm 2019 NGHỊ ĐỊNH Về kiểm toán nội bộ ________ Căn cứ Luật tổ chức Chính phủ ngày 19 tháng 6 năm 2015; "
133858,Kiểm toán,CoQuan,content_clean,heuristic,0.75,"CHÍNH PHỦ CỘNG HÒA XÃ HỘI CHỦ NGHĨA VIỆT NAM Độc lập – Tự do – Hạnh phúc Số: 05/2019/NĐ-CP Hà Nội, ngày 22 tháng 01 năm 2019 NGHỊ ĐỊNH Về kiểm toán nội bộ ________ Căn cứ Luật tổ chức Chính phủ ngày 19 tháng 6 năm 2015; "
133858,Nguyễn Xuân Phúc,NguoiKy,content_clean,heuristic,0.75,"CHÍNH PHỦ CỘNG HÒA XÃ HỘI CHỦ NGHĨA VIỆT NAM Độc lập – Tự do – Hạnh phúc Số: 05/2019/NĐ-CP Hà Nội, ngày 22 tháng 01 năm 2019 NGHỊ ĐỊNH Về kiểm toán nội bộ ________ Căn cứ Luật tổ chức Chính phủ ngày 19 tháng 6 năm 2015; "
133858,Trung ương,DoiTuongApDung,content_clean,heuristic,0.7,"CHÍNH PHỦ CỘNG HÒA XÃ HỘI CHỦ NGHĨA VIỆT NAM Độc lập – Tự do – Hạnh phúc Số: 05/2019/NĐ-CP Hà Nội, ngày 22 tháng 01 năm 2019 NGHỊ ĐỊNH Về kiểm toán nội bộ ________ Căn cứ Luật tổ chức Chính phủ ngày 19 tháng 6 năm 2015; "
133858,Tổ chức tín dụng,DoiTuongApDung,content_clean,heuristic,0.7,"CHÍNH PHỦ CỘNG HÒA XÃ HỘI CHỦ NGHĨA VIỆT NAM Độc lập – Tự do – Hạnh phúc Số: 05/2019/NĐ-CP Hà Nội, ngày 22 tháng 01 năm 2019 NGHỊ ĐỊNH Về kiểm toán nội bộ ________ Căn cứ Luật tổ chức Chính phủ ngày 19 tháng 6 năm 2015; "
133858,Chi nhánh ngân hàng nước ngoài,DoiTuongApDung,content_clean,heuristic,0.7,"CHÍNH PHỦ CỘNG HÒA XÃ HỘI CHỦ NGHĨA VIỆT NAM Độc lập – Tự do – Hạnh phúc Số: 05/2019/NĐ-CP Hà Nội, ngày 22 tháng 01 năm 2019 NGHỊ ĐỊNH Về kiểm toán nội bộ ________ Căn cứ Luật tổ chức Chính phủ ngày 19 tháng 6 năm 2015; "
133858,Quỹ tín dụng nhân dân,DoiTuongApDung,content_clean,heuristic,0.7,"CHÍNH PHỦ CỘNG HÒA XÃ HỘI CHỦ NGHĨA VIỆT NAM Độc lập – Tự do – Hạnh phúc Số: 05/2019/NĐ-CP Hà Nội, ngày 22 tháng 01 năm 2019 NGHỊ ĐỊNH Về kiểm toán nội bộ ________ Căn cứ Luật tổ chức Chính phủ ngày 19 tháng 6 năm 2015; "
133858,Kiểm toán,LinhVuc,content_clean,heuristic,0.7,"CHÍNH PHỦ CỘNG HÒA XÃ HỘI CHỦ NGHĨA VIỆT NAM Độc lập – Tự do – Hạnh phúc Số: 05/2019/NĐ-CP Hà Nội, ngày 22 tháng 01 năm 2019 NGHỊ ĐỊNH Về kiểm toán nội bộ ________ Căn cứ Luật tổ chức Chính phủ ngày 19 tháng 6 năm 2015; "
133858,Bộ Tài chính,CoQuan,content_clean,heuristic,0.8,"CHÍNH PHỦ CỘNG HÒA XÃ HỘI CHỦ NGHĨA VIỆT NAM Độc lập – Tự do – Hạnh phúc Số: 05/2019/NĐ-CP Hà Nội, ngày 22 tháng 01 năm 2019 NGHỊ ĐỊNH Về kiểm toán nội bộ ________ Căn cứ Luật tổ chức Chính phủ ngày 19 tháng 6 năm 2015; "
143217,Bộ Tài chính,CoQuan,content_clean,heuristic,0.75,"BỘ TÀI CHÍNH Số: 66/2020/TT-BTC BỘ TÀI CHÍNH Số: 66/2020/TT-BTC CỘNG HÒA XÃ HỘI CHỦ NGHĨA VIỆT NAM Độc lập - Tự do - Hạnh phúc Hà Nội, ngày 10 tháng 7 năm 2020 THÔNG TƯ Ban hành Quy chế mẫu về kiểm toán nội bộ áp dụng ch"
143217,Trung ương,DoiTuongApDung,content_clean,heuristic,0.7,"BỘ TÀI CHÍNH Số: 66/2020/TT-BTC BỘ TÀI CHÍNH Số: 66/2020/TT-BTC CỘNG HÒA XÃ HỘI CHỦ NGHĨA VIỆT NAM Độc lập - Tự do - Hạnh phúc Hà Nội, ngày 10 tháng 7 năm 2020 THÔNG TƯ Ban hành Quy chế mẫu về kiểm toán nội bộ áp dụng ch"
143217,Tổ chức tín dụng,DoiTuongApDung,content_clean,heuristic,0.7,"BỘ TÀI CHÍNH Số: 66/2020/TT-BTC BỘ TÀI CHÍNH Số: 66/2020/TT-BTC CỘNG HÒA XÃ HỘI CHỦ NGHĨA VIỆT NAM Độc lập - Tự do - Hạnh phúc Hà Nội, ngày 10 tháng 7 năm 2020 THÔNG TƯ Ban hành Quy chế mẫu về kiểm toán nội bộ áp dụng ch"
143217,Chi nhánh ngân hàng nước ngoài,DoiTuongApDung,content_clean,heuristic,0.7,"BỘ TÀI CHÍNH Số: 66/2020/TT-BTC BỘ TÀI CHÍNH Số: 66/2020/TT-BTC CỘNG HÒA XÃ HỘI CHỦ NGHĨA VIỆT NAM Độc lập - Tự do - Hạnh phúc Hà Nội, ngày 10 tháng 7 năm 2020 THÔNG TƯ Ban hành Quy chế mẫu về kiểm toán nội bộ áp dụng ch"
143217,Quỹ tín dụng nhân dân,DoiTuongApDung,content_clean,heuristic,0.7,"BỘ TÀI CHÍNH Số: 66/2020/TT-BTC BỘ TÀI CHÍNH Số: 66/2020/TT-BTC CỘNG HÒA XÃ HỘI CHỦ NGHĨA VIỆT NAM Độc lập - Tự do - Hạnh phúc Hà Nội, ngày 10 tháng 7 năm 2020 THÔNG TƯ Ban hành Quy chế mẫu về kiểm toán nội bộ áp dụng ch"
143217,Chính phủ,CoQuan,content_clean,heuristic,0.8,"BỘ TÀI CHÍNH Số: 66/2020/TT-BTC BỘ TÀI CHÍNH Số: 66/2020/TT-BTC CỘNG HÒA XÃ HỘI CHỦ NGHĨA VIỆT NAM Độc lập - Tự do - Hạnh phúc Hà Nội, ngày 10 tháng 7 năm 2020 THÔNG TƯ Ban hành Quy chế mẫu về kiểm toán nội bộ áp dụng ch"
146468,Chính phủ,CoQuan,content_clean,heuristic,0.75,"CHÍNH PHỦ ------- CỘNG HÒA XÃ HỘI CHỦ NGHĨA VIỆT NAM Độc lập - Tự do - Hạnh phúc --------------- Số: 156/2020/NĐ-CP Hà Nội , ngày 31 tháng 12 năm 2020 NGHỊ ĐỊNH Quy định xử phạt vi phạm hành chính trong lĩnh vực chứng kh"
146468,Tài chính,CoQuan,content_clean,heuristic,0.75,"CHÍNH PHỦ ------- CỘNG HÒA XÃ HỘI CHỦ NGHĨA VIỆT NAM Độc lập - Tự do - Hạnh phúc --------------- Số: 156/2020/NĐ-CP Hà Nội , ngày 31 tháng 12 năm 2020 NGHỊ ĐỊNH Quy định xử phạt vi phạm hành chính trong lĩnh vực chứng kh"
146468,Nguyễn Xuân Phúc,NguoiKy,content_clean,heuristic,0.75,"CHÍNH PHỦ ------- CỘNG HÒA XÃ HỘI CHỦ NGHĨA VIỆT NAM Độc lập - Tự do - Hạnh phúc --------------- Số: 156/2020/NĐ-CP Hà Nội , ngày 31 tháng 12 năm 2020 NGHỊ ĐỊNH Quy định xử phạt vi phạm hành chính trong lĩnh vực chứng kh"
146468,Trung ương,DoiTuongApDung,content_clean,heuristic,0.7,"CHÍNH PHỦ ------- CỘNG HÒA XÃ HỘI CHỦ NGHĨA VIỆT NAM Độc lập - Tự do - Hạnh phúc --------------- Số: 156/2020/NĐ-CP Hà Nội , ngày 31 tháng 12 năm 2020 NGHỊ ĐỊNH Quy định xử phạt vi phạm hành chính trong lĩnh vực chứng kh"
146468,Tổ chức tín dụng,DoiTuongApDung,content_clean,heuristic,0.7,"CHÍNH PHỦ ------- CỘNG HÒA XÃ HỘI CHỦ NGHĨA VIỆT NAM Độc lập - Tự do - Hạnh phúc --------------- Số: 156/2020/NĐ-CP Hà Nội , ngày 31 tháng 12 năm 2020 NGHỊ ĐỊNH Quy định xử phạt vi phạm hành chính trong lĩnh vực chứng kh"
146468,Chi nhánh ngân hàng nước ngoài,DoiTuongApDung,content_clean,heuristic,0.7,"CHÍNH PHỦ ------- CỘNG HÒA XÃ HỘI CHỦ NGHĨA VIỆT NAM Độc lập - Tự do - Hạnh phúc --------------- Số: 156/2020/NĐ-CP Hà Nội , ngày 31 tháng 12 năm 2020 NGHỊ ĐỊNH Quy định xử phạt vi phạm hành chính trong lĩnh vực chứng kh"
146468,Quỹ tín dụng nhân dân,DoiTuongApDung,content_clean,heuristic,0.7,"CHÍNH PHỦ ------- CỘNG HÒA XÃ HỘI CHỦ NGHĨA VIỆT NAM Độc lập - Tự do - Hạnh phúc --------------- Số: 156/2020/NĐ-CP Hà Nội , ngày 31 tháng 12 năm 2020 NGHỊ ĐỊNH Quy định xử phạt vi phạm hành chính trong lĩnh vực chứng kh"
146468,Chứng khoán,LinhVuc,content_clean,heuristic,0.7,"CHÍNH PHỦ ------- CỘNG HÒA XÃ HỘI CHỦ NGHĨA VIỆT NAM Độc lập - Tự do - Hạnh phúc --------------- Số: 156/2020/NĐ-CP Hà Nội , ngày 31 tháng 12 năm 2020 NGHỊ ĐỊNH Quy định xử phạt vi phạm hành chính trong lĩnh vực chứng kh"
146468,Tài chính,LinhVuc,content_clean,heuristic,0.7,"CHÍNH PHỦ ------- CỘNG HÒA XÃ HỘI CHỦ NGHĨA VIỆT NAM Độc lập - Tự do - Hạnh phúc --------------- Số: 156/2020/NĐ-CP Hà Nội , ngày 31 tháng 12 năm 2020 NGHỊ ĐỊNH Quy định xử phạt vi phạm hành chính trong lĩnh vực chứng kh"
146468,Bộ Tài chính,CoQuan,content_clean,heuristic,0.8,"CHÍNH PHỦ ------- CỘNG HÒA XÃ HỘI CHỦ NGHĨA VIỆT NAM Độc lập - Tự do - Hạnh phúc --------------- Số: 156/2020/NĐ-CP Hà Nội , ngày 31 tháng 12 năm 2020 NGHỊ ĐỊNH Quy định xử phạt vi phạm hành chính trong lĩnh vực chứng kh"
150974,Bộ Tài chính,CoQuan,content_clean,heuristic,0.75,"BỘ TÀI CHÍNH CỘNG HOÀ XÃ HỘI CHỦ NGHĨA VIỆT NAM Độc lập - Tự do - Hạnh phúc Số: 8/2021/TT-BTC Hà Nội, ngày 25 tháng 01 năm 2021 THÔNG TƯ Ban hành chuẩn mực kiểm toán nội bộ Việt Nam và các nguyên tắc đạo đức nghề nghiệp "
150974,Tài chính,CoQuan,content_clean,heuristic,0.75,"BỘ TÀI CHÍNH CỘNG HOÀ XÃ HỘI CHỦ NGHĨA VIỆT NAM Độc lập - Tự do - Hạnh phúc Số: 8/2021/TT-BTC Hà Nội, ngày 25 tháng 01 năm 2021 THÔNG TƯ Ban hành chuẩn mực kiểm toán nội bộ Việt Nam và các nguyên tắc đạo đức nghề nghiệp "
150974,Tạ Anh Tuấn,NguoiKy,content_clean,heuristic,0.75,"BỘ TÀI CHÍNH CỘNG HOÀ XÃ HỘI CHỦ NGHĨA VIỆT NAM Độc lập - Tự do - Hạnh phúc Số: 8/2021/TT-BTC Hà Nội, ngày 25 tháng 01 năm 2021 THÔNG TƯ Ban hành chuẩn mực kiểm toán nội bộ Việt Nam và các nguyên tắc đạo đức nghề nghiệp "
150974,Trung ương,DoiTuongApDung,content_clean,heuristic,0.7,"BỘ TÀI CHÍNH CỘNG HOÀ XÃ HỘI CHỦ NGHĨA VIỆT NAM Độc lập - Tự do - Hạnh phúc Số: 8/2021/TT-BTC Hà Nội, ngày 25 tháng 01 năm 2021 THÔNG TƯ Ban hành chuẩn mực kiểm toán nội bộ Việt Nam và các nguyên tắc đạo đức nghề nghiệp "
150974,Tổ chức tín dụng,DoiTuongApDung,content_clean,heuristic,0.7,"BỘ TÀI CHÍNH CỘNG HOÀ XÃ HỘI CHỦ NGHĨA VIỆT NAM Độc lập - Tự do - Hạnh phúc Số: 8/2021/TT-BTC Hà Nội, ngày 25 tháng 01 năm 2021 THÔNG TƯ Ban hành chuẩn mực kiểm toán nội bộ Việt Nam và các nguyên tắc đạo đức nghề nghiệp "
150974,Chi nhánh ngân hàng nước ngoài,DoiTuongApDung,content_clean,heuristic,0.7,"BỘ TÀI CHÍNH CỘNG HOÀ XÃ HỘI CHỦ NGHĨA VIỆT NAM Độc lập - Tự do - Hạnh phúc Số: 8/2021/TT-BTC Hà Nội, ngày 25 tháng 01 năm 2021 THÔNG TƯ Ban hành chuẩn mực kiểm toán nội bộ Việt Nam và các nguyên tắc đạo đức nghề nghiệp "
150974,Quỹ tín dụng nhân dân,DoiTuongApDung,content_clean,heuristic,0.7,"BỘ TÀI CHÍNH CỘNG HOÀ XÃ HỘI CHỦ NGHĨA VIỆT NAM Độc lập - Tự do - Hạnh phúc Số: 8/2021/TT-BTC Hà Nội, ngày 25 tháng 01 năm 2021 THÔNG TƯ Ban hành chuẩn mực kiểm toán nội bộ Việt Nam và các nguyên tắc đạo đức nghề nghiệp "
150974,"Kế toán, kiểm toán",LinhVuc,content_clean,heuristic,0.7,"BỘ TÀI CHÍNH CỘNG HOÀ XÃ HỘI CHỦ NGHĨA VIỆT NAM Độc lập - Tự do - Hạnh phúc Số: 8/2021/TT-BTC Hà Nội, ngày 25 tháng 01 năm 2021 THÔNG TƯ Ban hành chuẩn mực kiểm toán nội bộ Việt Nam và các nguyên tắc đạo đức nghề nghiệp "
150974,Tài chính,LinhVuc,content_clean,heuristic,0.7,"BỘ TÀI CHÍNH CỘNG HOÀ XÃ HỘI CHỦ NGHĨA VIỆT NAM Độc lập - Tự do - Hạnh phúc Số: 8/2021/TT-BTC Hà Nội, ngày 25 tháng 01 năm 2021 THÔNG TƯ Ban hành chuẩn mực kiểm toán nội bộ Việt Nam và các nguyên tắc đạo đức nghề nghiệp "
150974,Chính phủ,CoQuan,content_clean,heuristic,0.8,"BỘ TÀI CHÍNH CỘNG HOÀ XÃ HỘI CHỦ NGHĨA VIỆT NAM Độc lập - Tự do - Hạnh phúc Số: 8/2021/TT-BTC Hà Nội, ngày 25 tháng 01 năm 2021 THÔNG TƯ Ban hành chuẩn mực kiểm toán nội bộ Việt Nam và các nguyên tắc đạo đức nghề nghiệp "
150974,Quốc hội,CoQuan,content_clean,heuristic,0.8,"BỘ TÀI CHÍNH CỘNG HOÀ XÃ HỘI CHỦ NGHĨA VIỆT NAM Độc lập - Tự do - Hạnh phúc Số: 8/2021/TT-BTC Hà Nội, ngày 25 tháng 01 năm 2021 THÔNG TƯ Ban hành chuẩn mực kiểm toán nội bộ Việt Nam và các nguyên tắc đạo đức nghề nghiệp "
163441,Chính phủ,CoQuan,content_clean,heuristic,0.75,"CHÍNH PHỦ _________ CỘNG HOÀ XÃ HỘI CHỦ NGHĨA VIỆT NAM Độc lập - Tự do - Hạnh phúc _________________ Số: 46/2023/NĐ-CP Hà Nội, ngày 01 tháng 7 năm 2023 NGHỊ ĐỊNH Quy định chi tiết thi hành một số điều của Luật Kinh doanh"
163441,Tài chính,CoQuan,content_clean,heuristic,0.75,"CHÍNH PHỦ _________ CỘNG HOÀ XÃ HỘI CHỦ NGHĨA VIỆT NAM Độc lập - Tự do - Hạnh phúc _________________ Số: 46/2023/NĐ-CP Hà Nội, ngày 01 tháng 7 năm 2023 NGHỊ ĐỊNH Quy định chi tiết thi hành một số điều của Luật Kinh doanh"
163441,Lê Minh Khái,NguoiKy,content_clean,heuristic,0.75,"CHÍNH PHỦ _________ CỘNG HOÀ XÃ HỘI CHỦ NGHĨA VIỆT NAM Độc lập - Tự do - Hạnh phúc _________________ Số: 46/2023/NĐ-CP Hà Nội, ngày 01 tháng 7 năm 2023 NGHỊ ĐỊNH Quy định chi tiết thi hành một số điều của Luật Kinh doanh"
163441,Trung ương,DoiTuongApDung,content_clean,heuristic,0.7,"CHÍNH PHỦ _________ CỘNG HOÀ XÃ HỘI CHỦ NGHĨA VIỆT NAM Độc lập - Tự do - Hạnh phúc _________________ Số: 46/2023/NĐ-CP Hà Nội, ngày 01 tháng 7 năm 2023 NGHỊ ĐỊNH Quy định chi tiết thi hành một số điều của Luật Kinh doanh"
163441,Tổ chức tín dụng,DoiTuongApDung,content_clean,heuristic,0.7,"CHÍNH PHỦ _________ CỘNG HOÀ XÃ HỘI CHỦ NGHĨA VIỆT NAM Độc lập - Tự do - Hạnh phúc _________________ Số: 46/2023/NĐ-CP Hà Nội, ngày 01 tháng 7 năm 2023 NGHỊ ĐỊNH Quy định chi tiết thi hành một số điều của Luật Kinh doanh"
163441,Chi nhánh ngân hàng nước ngoài,DoiTuongApDung,content_clean,heuristic,0.7,"CHÍNH PHỦ _________ CỘNG HOÀ XÃ HỘI CHỦ NGHĨA VIỆT NAM Độc lập - Tự do - Hạnh phúc _________________ Số: 46/2023/NĐ-CP Hà Nội, ngày 01 tháng 7 năm 2023 NGHỊ ĐỊNH Quy định chi tiết thi hành một số điều của Luật Kinh doanh"
163441,Quỹ tín dụng nhân dân,DoiTuongApDung,content_clean,heuristic,0.7,"CHÍNH PHỦ _________ CỘNG HOÀ XÃ HỘI CHỦ NGHĨA VIỆT NAM Độc lập - Tự do - Hạnh phúc _________________ Số: 46/2023/NĐ-CP Hà Nội, ngày 01 tháng 7 năm 2023 NGHỊ ĐỊNH Quy định chi tiết thi hành một số điều của Luật Kinh doanh"
163441,Bảo hiểm,LinhVuc,content_clean,heuristic,0.7,"CHÍNH PHỦ _________ CỘNG HOÀ XÃ HỘI CHỦ NGHĨA VIỆT NAM Độc lập - Tự do - Hạnh phúc _________________ Số: 46/2023/NĐ-CP Hà Nội, ngày 01 tháng 7 năm 2023 NGHỊ ĐỊNH Quy định chi tiết thi hành một số điều của Luật Kinh doanh"
163441,Tài chính,LinhVuc,content_clean,heuristic,0.7,"CHÍNH PHỦ _________ CỘNG HOÀ XÃ HỘI CHỦ NGHĨA VIỆT NAM Độc lập - Tự do - Hạnh phúc _________________ Số: 46/2023/NĐ-CP Hà Nội, ngày 01 tháng 7 năm 2023 NGHỊ ĐỊNH Quy định chi tiết thi hành một số điều của Luật Kinh doanh"
163441,Bộ Tài chính,CoQuan,content_clean,heuristic,0.8,"CHÍNH PHỦ _________ CỘNG HOÀ XÃ HỘI CHỦ NGHĨA VIỆT NAM Độc lập - Tự do - Hạnh phúc _________________ Số: 46/2023/NĐ-CP Hà Nội, ngày 01 tháng 7 năm 2023 NGHỊ ĐỊNH Quy định chi tiết thi hành một số điều của Luật Kinh doanh"
164719,Ngân hàng Nhà nước Việt Nam,CoQuan,content_clean,heuristic,0.75,"NGÂN HÀNG NHÀ NƯỚC VIỆT NAM CỘNG HÒA XÃ HỘI CHỦ NGHĨA VIỆT NAM Độc lập – Tự do – Hạnh phúc Số: 22/2023/TT-NHNN Hà Nội, ngày 29 tháng 12 năm 2023 THÔNG TƯ Sửa đổi, bổ sung một số điều của Thông tư số 41/2016/TT-NHNN ngày "
164719,Ngân hàng,CoQuan,content_clean,heuristic,0.75,"NGÂN HÀNG NHÀ NƯỚC VIỆT NAM CỘNG HÒA XÃ HỘI CHỦ NGHĨA VIỆT NAM Độc lập – Tự do – Hạnh phúc Số: 22/2023/TT-NHNN Hà Nội, ngày 29 tháng 12 năm 2023 THÔNG TƯ Sửa đổi, bổ sung một số điều của Thông tư số 41/2016/TT-NHNN ngày "
164719,Đoàn Thái Sơn,NguoiKy,content_clean,heuristic,0.75,"NGÂN HÀNG NHÀ NƯỚC VIỆT NAM CỘNG HÒA XÃ HỘI CHỦ NGHĨA VIỆT NAM Độc lập – Tự do – Hạnh phúc Số: 22/2023/TT-NHNN Hà Nội, ngày 29 tháng 12 năm 2023 THÔNG TƯ Sửa đổi, bổ sung một số điều của Thông tư số 41/2016/TT-NHNN ngày "
164719,Trung ương,DoiTuongApDung,content_clean,heuristic,0.7,"NGÂN HÀNG NHÀ NƯỚC VIỆT NAM CỘNG HÒA XÃ HỘI CHỦ NGHĨA VIỆT NAM Độc lập – Tự do – Hạnh phúc Số: 22/2023/TT-NHNN Hà Nội, ngày 29 tháng 12 năm 2023 THÔNG TƯ Sửa đổi, bổ sung một số điều của Thông tư số 41/2016/TT-NHNN ngày "
164719,Tổ chức tín dụng,DoiTuongApDung,content_clean,heuristic,0.7,"NGÂN HÀNG NHÀ NƯỚC VIỆT NAM CỘNG HÒA XÃ HỘI CHỦ NGHĨA VIỆT NAM Độc lập – Tự do – Hạnh phúc Số: 22/2023/TT-NHNN Hà Nội, ngày 29 tháng 12 năm 2023 THÔNG TƯ Sửa đổi, bổ sung một số điều của Thông tư số 41/2016/TT-NHNN ngày "
164719,Chi nhánh ngân hàng nước ngoài,DoiTuongApDung,content_clean,heuristic,0.7,"NGÂN HÀNG NHÀ NƯỚC VIỆT NAM CỘNG HÒA XÃ HỘI CHỦ NGHĨA VIỆT NAM Độc lập – Tự do – Hạnh phúc Số: 22/2023/TT-NHNN Hà Nội, ngày 29 tháng 12 năm 2023 THÔNG TƯ Sửa đổi, bổ sung một số điều của Thông tư số 41/2016/TT-NHNN ngày "
164719,Quỹ tín dụng nhân dân,DoiTuongApDung,content_clean,heuristic,0.7,"NGÂN HÀNG NHÀ NƯỚC VIỆT NAM CỘNG HÒA XÃ HỘI CHỦ NGHĨA VIỆT NAM Độc lập – Tự do – Hạnh phúc Số: 22/2023/TT-NHNN Hà Nội, ngày 29 tháng 12 năm 2023 THÔNG TƯ Sửa đổi, bổ sung một số điều của Thông tư số 41/2016/TT-NHNN ngày "
164719,"Thanh tra, giám sát ngân hàng",LinhVuc,content_clean,heuristic,0.7,"NGÂN HÀNG NHÀ NƯỚC VIỆT NAM CỘNG HÒA XÃ HỘI CHỦ NGHĨA VIỆT NAM Độc lập – Tự do – Hạnh phúc Số: 22/2023/TT-NHNN Hà Nội, ngày 29 tháng 12 năm 2023 THÔNG TƯ Sửa đổi, bổ sung một số điều của Thông tư số 41/2016/TT-NHNN ngày "
164719,Ngân hàng,LinhVuc,content_clean,heuristic,0.7,"NGÂN HÀNG NHÀ NƯỚC VIỆT NAM CỘNG HÒA XÃ HỘI CHỦ NGHĨA VIỆT NAM Độc lập – Tự do – Hạnh phúc Số: 22/2023/TT-NHNN Hà Nội, ngày 29 tháng 12 năm 2023 THÔNG TƯ Sửa đổi, bổ sung một số điều của Thông tư số 41/2016/TT-NHNN ngày "
164719,Chính phủ,CoQuan,content_clean,heuristic,0.8,"NGÂN HÀNG NHÀ NƯỚC VIỆT NAM CỘNG HÒA XÃ HỘI CHỦ NGHĨA VIỆT NAM Độc lập – Tự do – Hạnh phúc Số: 22/2023/TT-NHNN Hà Nội, ngày 29 tháng 12 năm 2023 THÔNG TƯ Sửa đổi, bổ sung một số điều của Thông tư số 41/2016/TT-NHNN ngày "
166170,Quốc hội,CoQuan,content_clean,heuristic,0.75,QUỐC HỘI CỘNG HÒA XÃ HỘI CHỦ NGHĨA VIỆT NAM Độc lập - Tự do - Hạnh phúc Luật số: 32/2024/QH15 LUẬT CÁC TỔ CHỨC TÍN DỤNG Căn cứ Hiến pháp nước Cộng hòa xã hội chủ nghĩa Việt Nam; Quốc hội ban hành Luật Các tổ chức tín dụn
166170,Ngân hàng,CoQuan,content_clean,heuristic,0.75,QUỐC HỘI CỘNG HÒA XÃ HỘI CHỦ NGHĨA VIỆT NAM Độc lập - Tự do - Hạnh phúc Luật số: 32/2024/QH15 LUẬT CÁC TỔ CHỨC TÍN DỤNG Căn cứ Hiến pháp nước Cộng hòa xã hội chủ nghĩa Việt Nam; Quốc hội ban hành Luật Các tổ chức tín dụn
166170,Vương Đình Huệ,NguoiKy,content_clean,heuristic,0.75,QUỐC HỘI CỘNG HÒA XÃ HỘI CHỦ NGHĨA VIỆT NAM Độc lập - Tự do - Hạnh phúc Luật số: 32/2024/QH15 LUẬT CÁC TỔ CHỨC TÍN DỤNG Căn cứ Hiến pháp nước Cộng hòa xã hội chủ nghĩa Việt Nam; Quốc hội ban hành Luật Các tổ chức tín dụn
166170,Trung ương,DoiTuongApDung,content_clean,heuristic,0.7,QUỐC HỘI CỘNG HÒA XÃ HỘI CHỦ NGHĨA VIỆT NAM Độc lập - Tự do - Hạnh phúc Luật số: 32/2024/QH15 LUẬT CÁC TỔ CHỨC TÍN DỤNG Căn cứ Hiến pháp nước Cộng hòa xã hội chủ nghĩa Việt Nam; Quốc hội ban hành Luật Các tổ chức tín dụn
166170,Tổ chức tín dụng,DoiTuongApDung,content_clean,heuristic,0.7,QUỐC HỘI CỘNG HÒA XÃ HỘI CHỦ NGHĨA VIỆT NAM Độc lập - Tự do - Hạnh phúc Luật số: 32/2024/QH15 LUẬT CÁC TỔ CHỨC TÍN DỤNG Căn cứ Hiến pháp nước Cộng hòa xã hội chủ nghĩa Việt Nam; Quốc hội ban hành Luật Các tổ chức tín dụn
166170,Chi nhánh ngân hàng nước ngoài,DoiTuongApDung,content_clean,heuristic,0.7,QUỐC HỘI CỘNG HÒA XÃ HỘI CHỦ NGHĨA VIỆT NAM Độc lập - Tự do - Hạnh phúc Luật số: 32/2024/QH15 LUẬT CÁC TỔ CHỨC TÍN DỤNG Căn cứ Hiến pháp nước Cộng hòa xã hội chủ nghĩa Việt Nam; Quốc hội ban hành Luật Các tổ chức tín dụn
166170,Quỹ tín dụng nhân dân,DoiTuongApDung,content_clean,heuristic,0.7,QUỐC HỘI CỘNG HÒA XÃ HỘI CHỦ NGHĨA VIỆT NAM Độc lập - Tự do - Hạnh phúc Luật số: 32/2024/QH15 LUẬT CÁC TỔ CHỨC TÍN DỤNG Căn cứ Hiến pháp nước Cộng hòa xã hội chủ nghĩa Việt Nam; Quốc hội ban hành Luật Các tổ chức tín dụn
166170,Tín dụng,LinhVuc,content_clean,heuristic,0.7,QUỐC HỘI CỘNG HÒA XÃ HỘI CHỦ NGHĨA VIỆT NAM Độc lập - Tự do - Hạnh phúc Luật số: 32/2024/QH15 LUẬT CÁC TỔ CHỨC TÍN DỤNG Căn cứ Hiến pháp nước Cộng hòa xã hội chủ nghĩa Việt Nam; Quốc hội ban hành Luật Các tổ chức tín dụn
166170,Ngân hàng,LinhVuc,content_clean,heuristic,0.7,QUỐC HỘI CỘNG HÒA XÃ HỘI CHỦ NGHĨA VIỆT NAM Độc lập - Tự do - Hạnh phúc Luật số: 32/2024/QH15 LUẬT CÁC TỔ CHỨC TÍN DỤNG Căn cứ Hiến pháp nước Cộng hòa xã hội chủ nghĩa Việt Nam; Quốc hội ban hành Luật Các tổ chức tín dụn
166170,Ngân hàng Nhà nước Việt Nam,CoQuan,content_clean,heuristic,0.8,QUỐC HỘI CỘNG HÒA XÃ HỘI CHỦ NGHĨA VIỆT NAM Độc lập - Tự do - Hạnh phúc Luật số: 32/2024/QH15 LUẬT CÁC TỔ CHỨC TÍN DỤNG Căn cứ Hiến pháp nước Cộng hòa xã hội chủ nghĩa Việt Nam; Quốc hội ban hành Luật Các tổ chức tín dụn
166170,Bộ Tài chính,CoQuan,content_clean,heuristic,0.8,QUỐC HỘI CỘNG HÒA XÃ HỘI CHỦ NGHĨA VIỆT NAM Độc lập - Tự do - Hạnh phúc Luật số: 32/2024/QH15 LUẬT CÁC TỔ CHỨC TÍN DỤNG Căn cứ Hiến pháp nước Cộng hòa xã hội chủ nghĩa Việt Nam; Quốc hội ban hành Luật Các tổ chức tín dụn
166170,Chính phủ,CoQuan,content_clean,heuristic,0.8,QUỐC HỘI CỘNG HÒA XÃ HỘI CHỦ NGHĨA VIỆT NAM Độc lập - Tự do - Hạnh phúc Luật số: 32/2024/QH15 LUẬT CÁC TỔ CHỨC TÍN DỤNG Căn cứ Hiến pháp nước Cộng hòa xã hội chủ nghĩa Việt Nam; Quốc hội ban hành Luật Các tổ chức tín dụn
166269,Quốc hội,CoQuan,content_clean,heuristic,0.75,QUỐC HỘI CỘNG HÒA XÃ HỘI CHỦ NGHĨA VIỆT NAM Độc lập – Tự do – Hạnh phúc Số: 17/2023/QH15 Ngày 20 tháng 6 năm 2023 LUẬT HỢP TÁC XÃ ____________ Căn cứ Hiến pháp nước Cộng hòa xã hội chủ nghĩa Việt Nam; Quốc hội ban hành L
166269,Vương Đình Huệ,NguoiKy,content_clean,heuristic,0.75,QUỐC HỘI CỘNG HÒA XÃ HỘI CHỦ NGHĨA VIỆT NAM Độc lập – Tự do – Hạnh phúc Số: 17/2023/QH15 Ngày 20 tháng 6 năm 2023 LUẬT HỢP TÁC XÃ ____________ Căn cứ Hiến pháp nước Cộng hòa xã hội chủ nghĩa Việt Nam; Quốc hội ban hành L
166269,Trung ương,DoiTuongApDung,content_clean,heuristic,0.7,QUỐC HỘI CỘNG HÒA XÃ HỘI CHỦ NGHĨA VIỆT NAM Độc lập – Tự do – Hạnh phúc Số: 17/2023/QH15 Ngày 20 tháng 6 năm 2023 LUẬT HỢP TÁC XÃ ____________ Căn cứ Hiến pháp nước Cộng hòa xã hội chủ nghĩa Việt Nam; Quốc hội ban hành L
166269,Tổ chức tín dụng,DoiTuongApDung,content_clean,heuristic,0.7,QUỐC HỘI CỘNG HÒA XÃ HỘI CHỦ NGHĨA VIỆT NAM Độc lập – Tự do – Hạnh phúc Số: 17/2023/QH15 Ngày 20 tháng 6 năm 2023 LUẬT HỢP TÁC XÃ ____________ Căn cứ Hiến pháp nước Cộng hòa xã hội chủ nghĩa Việt Nam; Quốc hội ban hành L
166269,Chi nhánh ngân hàng nước ngoài,DoiTuongApDung,content_clean,heuristic,0.7,QUỐC HỘI CỘNG HÒA XÃ HỘI CHỦ NGHĨA VIỆT NAM Độc lập – Tự do – Hạnh phúc Số: 17/2023/QH15 Ngày 20 tháng 6 năm 2023 LUẬT HỢP TÁC XÃ ____________ Căn cứ Hiến pháp nước Cộng hòa xã hội chủ nghĩa Việt Nam; Quốc hội ban hành L
166269,Quỹ tín dụng nhân dân,DoiTuongApDung,content_clean,heuristic,0.7,QUỐC HỘI CỘNG HÒA XÃ HỘI CHỦ NGHĨA VIỆT NAM Độc lập – Tự do – Hạnh phúc Số: 17/2023/QH15 Ngày 20 tháng 6 năm 2023 LUẬT HỢP TÁC XÃ ____________ Căn cứ Hiến pháp nước Cộng hòa xã hội chủ nghĩa Việt Nam; Quốc hội ban hành L
166269,Bộ Tài chính,CoQuan,content_clean,heuristic,0.8,QUỐC HỘI CỘNG HÒA XÃ HỘI CHỦ NGHĨA VIỆT NAM Độc lập – Tự do – Hạnh phúc Số: 17/2023/QH15 Ngày 20 tháng 6 năm 2023 LUẬT HỢP TÁC XÃ ____________ Căn cứ Hiến pháp nước Cộng hòa xã hội chủ nghĩa Việt Nam; Quốc hội ban hành L
166269,Chính phủ,CoQuan,content_clean,heuristic,0.8,QUỐC HỘI CỘNG HÒA XÃ HỘI CHỦ NGHĨA VIỆT NAM Độc lập – Tự do – Hạnh phúc Số: 17/2023/QH15 Ngày 20 tháng 6 năm 2023 LUẬT HỢP TÁC XÃ ____________ Căn cứ Hiến pháp nước Cộng hòa xã hội chủ nghĩa Việt Nam; Quốc hội ban hành L
168220,Ngân hàng Nhà nước Việt Nam,CoQuan,content_clean,heuristic,0.75,"NGÂN HÀNG NHÀ NƯỚC VIỆT NAM --------- CỘNG HÒA XÃ HỘI CHỦ NGHĨA VIỆT NAM Độc lập - Tự do - Hạnh phúc ---------------------------- Số: 27 /2024/TT-NHNN Hà Nội, ngày 28 tháng 6 năm 2024 THÔNG TƯ Quy định về ngân hàng hợp t"
168220,Ngân hàng,CoQuan,content_clean,heuristic,0.75,"NGÂN HÀNG NHÀ NƯỚC VIỆT NAM --------- CỘNG HÒA XÃ HỘI CHỦ NGHĨA VIỆT NAM Độc lập - Tự do - Hạnh phúc ---------------------------- Số: 27 /2024/TT-NHNN Hà Nội, ngày 28 tháng 6 năm 2024 THÔNG TƯ Quy định về ngân hàng hợp t"
168220,Đào Minh Tú,NguoiKy,content_clean,heuristic,0.75,"NGÂN HÀNG NHÀ NƯỚC VIỆT NAM --------- CỘNG HÒA XÃ HỘI CHỦ NGHĨA VIỆT NAM Độc lập - Tự do - Hạnh phúc ---------------------------- Số: 27 /2024/TT-NHNN Hà Nội, ngày 28 tháng 6 năm 2024 THÔNG TƯ Quy định về ngân hàng hợp t"
168220,Trung ương,DoiTuongApDung,content_clean,heuristic,0.7,"NGÂN HÀNG NHÀ NƯỚC VIỆT NAM --------- CỘNG HÒA XÃ HỘI CHỦ NGHĨA VIỆT NAM Độc lập - Tự do - Hạnh phúc ---------------------------- Số: 27 /2024/TT-NHNN Hà Nội, ngày 28 tháng 6 năm 2024 THÔNG TƯ Quy định về ngân hàng hợp t"
168220,Tổ chức tín dụng,DoiTuongApDung,content_clean,heuristic,0.7,"NGÂN HÀNG NHÀ NƯỚC VIỆT NAM --------- CỘNG HÒA XÃ HỘI CHỦ NGHĨA VIỆT NAM Độc lập - Tự do - Hạnh phúc ---------------------------- Số: 27 /2024/TT-NHNN Hà Nội, ngày 28 tháng 6 năm 2024 THÔNG TƯ Quy định về ngân hàng hợp t"
168220,Chi nhánh ngân hàng nước ngoài,DoiTuongApDung,content_clean,heuristic,0.7,"NGÂN HÀNG NHÀ NƯỚC VIỆT NAM --------- CỘNG HÒA XÃ HỘI CHỦ NGHĨA VIỆT NAM Độc lập - Tự do - Hạnh phúc ---------------------------- Số: 27 /2024/TT-NHNN Hà Nội, ngày 28 tháng 6 năm 2024 THÔNG TƯ Quy định về ngân hàng hợp t"
168220,Quỹ tín dụng nhân dân,DoiTuongApDung,content_clean,heuristic,0.7,"NGÂN HÀNG NHÀ NƯỚC VIỆT NAM --------- CỘNG HÒA XÃ HỘI CHỦ NGHĨA VIỆT NAM Độc lập - Tự do - Hạnh phúc ---------------------------- Số: 27 /2024/TT-NHNN Hà Nội, ngày 28 tháng 6 năm 2024 THÔNG TƯ Quy định về ngân hàng hợp t"
168220,"Thanh tra, giám sát ngân hàng",LinhVuc,content_clean,heuristic,0.7,"NGÂN HÀNG NHÀ NƯỚC VIỆT NAM --------- CỘNG HÒA XÃ HỘI CHỦ NGHĨA VIỆT NAM Độc lập - Tự do - Hạnh phúc ---------------------------- Số: 27 /2024/TT-NHNN Hà Nội, ngày 28 tháng 6 năm 2024 THÔNG TƯ Quy định về ngân hàng hợp t"
168220,Ngân hàng,LinhVuc,content_clean,heuristic,0.7,"NGÂN HÀNG NHÀ NƯỚC VIỆT NAM --------- CỘNG HÒA XÃ HỘI CHỦ NGHĨA VIỆT NAM Độc lập - Tự do - Hạnh phúc ---------------------------- Số: 27 /2024/TT-NHNN Hà Nội, ngày 28 tháng 6 năm 2024 THÔNG TƯ Quy định về ngân hàng hợp t"
168220,Chính phủ,CoQuan,content_clean,heuristic,0.8,"NGÂN HÀNG NHÀ NƯỚC VIỆT NAM --------- CỘNG HÒA XÃ HỘI CHỦ NGHĨA VIỆT NAM Độc lập - Tự do - Hạnh phúc ---------------------------- Số: 27 /2024/TT-NHNN Hà Nội, ngày 28 tháng 6 năm 2024 THÔNG TƯ Quy định về ngân hàng hợp t"
168859,Ngân hàng Nhà nước Việt Nam,CoQuan,content_clean,heuristic,0.75,"NGÂN HÀNG NHÀ NƯỚC VIỆT NAM CỘNG HÒA XÃ HỘI CHỦ NGHĨA VIỆT NAM Độc lập – Tự do – Hạnh phúc Số: 29/2024/TT-NHNN Hà Nội, ngày 28 tháng 6 năm 2024 THÔNG TƯ Quy định về quỹ tín dụng nhân dân Căn cứ Luật Ngân hàng Nhà nước Vi"
168859,Ngân hàng,CoQuan,content_clean,heuristic,0.75,"NGÂN HÀNG NHÀ NƯỚC VIỆT NAM CỘNG HÒA XÃ HỘI CHỦ NGHĨA VIỆT NAM Độc lập – Tự do – Hạnh phúc Số: 29/2024/TT-NHNN Hà Nội, ngày 28 tháng 6 năm 2024 THÔNG TƯ Quy định về quỹ tín dụng nhân dân Căn cứ Luật Ngân hàng Nhà nước Vi"
168859,Đào Minh Tú,NguoiKy,content_clean,heuristic,0.75,"NGÂN HÀNG NHÀ NƯỚC VIỆT NAM CỘNG HÒA XÃ HỘI CHỦ NGHĨA VIỆT NAM Độc lập – Tự do – Hạnh phúc Số: 29/2024/TT-NHNN Hà Nội, ngày 28 tháng 6 năm 2024 THÔNG TƯ Quy định về quỹ tín dụng nhân dân Căn cứ Luật Ngân hàng Nhà nước Vi"
168859,Trung ương,DoiTuongApDung,content_clean,heuristic,0.7,"NGÂN HÀNG NHÀ NƯỚC VIỆT NAM CỘNG HÒA XÃ HỘI CHỦ NGHĨA VIỆT NAM Độc lập – Tự do – Hạnh phúc Số: 29/2024/TT-NHNN Hà Nội, ngày 28 tháng 6 năm 2024 THÔNG TƯ Quy định về quỹ tín dụng nhân dân Căn cứ Luật Ngân hàng Nhà nước Vi"
168859,Tổ chức tín dụng,DoiTuongApDung,content_clean,heuristic,0.7,"NGÂN HÀNG NHÀ NƯỚC VIỆT NAM CỘNG HÒA XÃ HỘI CHỦ NGHĨA VIỆT NAM Độc lập – Tự do – Hạnh phúc Số: 29/2024/TT-NHNN Hà Nội, ngày 28 tháng 6 năm 2024 THÔNG TƯ Quy định về quỹ tín dụng nhân dân Căn cứ Luật Ngân hàng Nhà nước Vi"
168859,Chi nhánh ngân hàng nước ngoài,DoiTuongApDung,content_clean,heuristic,0.7,"NGÂN HÀNG NHÀ NƯỚC VIỆT NAM CỘNG HÒA XÃ HỘI CHỦ NGHĨA VIỆT NAM Độc lập – Tự do – Hạnh phúc Số: 29/2024/TT-NHNN Hà Nội, ngày 28 tháng 6 năm 2024 THÔNG TƯ Quy định về quỹ tín dụng nhân dân Căn cứ Luật Ngân hàng Nhà nước Vi"
168859,Quỹ tín dụng nhân dân,DoiTuongApDung,content_clean,heuristic,0.7,"NGÂN HÀNG NHÀ NƯỚC VIỆT NAM CỘNG HÒA XÃ HỘI CHỦ NGHĨA VIỆT NAM Độc lập – Tự do – Hạnh phúc Số: 29/2024/TT-NHNN Hà Nội, ngày 28 tháng 6 năm 2024 THÔNG TƯ Quy định về quỹ tín dụng nhân dân Căn cứ Luật Ngân hàng Nhà nước Vi"
168859,"Thanh tra, giám sát ngân hàng",LinhVuc,content_clean,heuristic,0.7,"NGÂN HÀNG NHÀ NƯỚC VIỆT NAM CỘNG HÒA XÃ HỘI CHỦ NGHĨA VIỆT NAM Độc lập – Tự do – Hạnh phúc Số: 29/2024/TT-NHNN Hà Nội, ngày 28 tháng 6 năm 2024 THÔNG TƯ Quy định về quỹ tín dụng nhân dân Căn cứ Luật Ngân hàng Nhà nước Vi"
168859,Ngân hàng,LinhVuc,content_clean,heuristic,0.7,"NGÂN HÀNG NHÀ NƯỚC VIỆT NAM CỘNG HÒA XÃ HỘI CHỦ NGHĨA VIỆT NAM Độc lập – Tự do – Hạnh phúc Số: 29/2024/TT-NHNN Hà Nội, ngày 28 tháng 6 năm 2024 THÔNG TƯ Quy định về quỹ tín dụng nhân dân Căn cứ Luật Ngân hàng Nhà nước Vi"
168859,Chính phủ,CoQuan,content_clean,heuristic,0.8,"NGÂN HÀNG NHÀ NƯỚC VIỆT NAM CỘNG HÒA XÃ HỘI CHỦ NGHĨA VIỆT NAM Độc lập – Tự do – Hạnh phúc Số: 29/2024/TT-NHNN Hà Nội, ngày 28 tháng 6 năm 2024 THÔNG TƯ Quy định về quỹ tín dụng nhân dân Căn cứ Luật Ngân hàng Nhà nước Vi"
169221,Ngân hàng Nhà nước Việt Nam,CoQuan,content_clean,heuristic,0.75,"NGÂN HÀNG NHÀ NƯỚC VIỆT NAM CỘNG HÒA XÃ HỘI CHỦ NGHĨA VIỆT NAM Độc lập – Tự do – Hạnh phúc Số: 43/2024/TT-NHNN Hà Nội, ngày 09 tháng 8 năm 2024 THÔNG TƯ Sửa đổi, bổ sung một số điều của Thông tư số 01/2014/TT-NHNN ngày 1"
169221,Ngân hàng,CoQuan,content_clean,heuristic,0.75,"NGÂN HÀNG NHÀ NƯỚC VIỆT NAM CỘNG HÒA XÃ HỘI CHỦ NGHĨA VIỆT NAM Độc lập – Tự do – Hạnh phúc Số: 43/2024/TT-NHNN Hà Nội, ngày 09 tháng 8 năm 2024 THÔNG TƯ Sửa đổi, bổ sung một số điều của Thông tư số 01/2014/TT-NHNN ngày 1"
169221,Phạm Thanh Hà,NguoiKy,content_clean,heuristic,0.75,"NGÂN HÀNG NHÀ NƯỚC VIỆT NAM CỘNG HÒA XÃ HỘI CHỦ NGHĨA VIỆT NAM Độc lập – Tự do – Hạnh phúc Số: 43/2024/TT-NHNN Hà Nội, ngày 09 tháng 8 năm 2024 THÔNG TƯ Sửa đổi, bổ sung một số điều của Thông tư số 01/2014/TT-NHNN ngày 1"
169221,Trung ương,DoiTuongApDung,content_clean,heuristic,0.7,"NGÂN HÀNG NHÀ NƯỚC VIỆT NAM CỘNG HÒA XÃ HỘI CHỦ NGHĨA VIỆT NAM Độc lập – Tự do – Hạnh phúc Số: 43/2024/TT-NHNN Hà Nội, ngày 09 tháng 8 năm 2024 THÔNG TƯ Sửa đổi, bổ sung một số điều của Thông tư số 01/2014/TT-NHNN ngày 1"
169221,Tổ chức tín dụng,DoiTuongApDung,content_clean,heuristic,0.7,"NGÂN HÀNG NHÀ NƯỚC VIỆT NAM CỘNG HÒA XÃ HỘI CHỦ NGHĨA VIỆT NAM Độc lập – Tự do – Hạnh phúc Số: 43/2024/TT-NHNN Hà Nội, ngày 09 tháng 8 năm 2024 THÔNG TƯ Sửa đổi, bổ sung một số điều của Thông tư số 01/2014/TT-NHNN ngày 1"
169221,Chi nhánh ngân hàng nước ngoài,DoiTuongApDung,content_clean,heuristic,0.7,"NGÂN HÀNG NHÀ NƯỚC VIỆT NAM CỘNG HÒA XÃ HỘI CHỦ NGHĨA VIỆT NAM Độc lập – Tự do – Hạnh phúc Số: 43/2024/TT-NHNN Hà Nội, ngày 09 tháng 8 năm 2024 THÔNG TƯ Sửa đổi, bổ sung một số điều của Thông tư số 01/2014/TT-NHNN ngày 1"
169221,Quỹ tín dụng nhân dân,DoiTuongApDung,content_clean,heuristic,0.7,"NGÂN HÀNG NHÀ NƯỚC VIỆT NAM CỘNG HÒA XÃ HỘI CHỦ NGHĨA VIỆT NAM Độc lập – Tự do – Hạnh phúc Số: 43/2024/TT-NHNN Hà Nội, ngày 09 tháng 8 năm 2024 THÔNG TƯ Sửa đổi, bổ sung một số điều của Thông tư số 01/2014/TT-NHNN ngày 1"
169221,Quản lý ngoại hối,LinhVuc,content_clean,heuristic,0.7,"NGÂN HÀNG NHÀ NƯỚC VIỆT NAM CỘNG HÒA XÃ HỘI CHỦ NGHĨA VIỆT NAM Độc lập – Tự do – Hạnh phúc Số: 43/2024/TT-NHNN Hà Nội, ngày 09 tháng 8 năm 2024 THÔNG TƯ Sửa đổi, bổ sung một số điều của Thông tư số 01/2014/TT-NHNN ngày 1"
169221,Ngân hàng,LinhVuc,content_clean,heuristic,0.7,"NGÂN HÀNG NHÀ NƯỚC VIỆT NAM CỘNG HÒA XÃ HỘI CHỦ NGHĨA VIỆT NAM Độc lập – Tự do – Hạnh phúc Số: 43/2024/TT-NHNN Hà Nội, ngày 09 tháng 8 năm 2024 THÔNG TƯ Sửa đổi, bổ sung một số điều của Thông tư số 01/2014/TT-NHNN ngày 1"
169221,Bộ Tài chính,CoQuan,content_clean,heuristic,0.8,"NGÂN HÀNG NHÀ NƯỚC VIỆT NAM CỘNG HÒA XÃ HỘI CHỦ NGHĨA VIỆT NAM Độc lập – Tự do – Hạnh phúc Số: 43/2024/TT-NHNN Hà Nội, ngày 09 tháng 8 năm 2024 THÔNG TƯ Sửa đổi, bổ sung một số điều của Thông tư số 01/2014/TT-NHNN ngày 1"
169221,Chính phủ,CoQuan,content_clean,heuristic,0.8,"NGÂN HÀNG NHÀ NƯỚC VIỆT NAM CỘNG HÒA XÃ HỘI CHỦ NGHĨA VIỆT NAM Độc lập – Tự do – Hạnh phúc Số: 43/2024/TT-NHNN Hà Nội, ngày 09 tháng 8 năm 2024 THÔNG TƯ Sửa đổi, bổ sung một số điều của Thông tư số 01/2014/TT-NHNN ngày 1"
173460,Ngân hàng Nhà nước Việt Nam,CoQuan,content_clean,heuristic,0.75,"NGÂN HÀNG NHÀ NƯỚC VIỆT NAM CỘNG HÒA XÃ HỘI CHỦ NGHĨA VIỆT NAM Độc lập - Tự do - Hạnh phúc Số: 57/2024/TT-NHNN Hà Nội, ngày 24 tháng 12 năm 2024 THÔNG TƯ Quy định hồ sơ, thủ tục cấp Giấy phép lần đầu của tổ chức tín dụng"
173460,Ngân hàng,CoQuan,content_clean,heuristic,0.75,"NGÂN HÀNG NHÀ NƯỚC VIỆT NAM CỘNG HÒA XÃ HỘI CHỦ NGHĨA VIỆT NAM Độc lập - Tự do - Hạnh phúc Số: 57/2024/TT-NHNN Hà Nội, ngày 24 tháng 12 năm 2024 THÔNG TƯ Quy định hồ sơ, thủ tục cấp Giấy phép lần đầu của tổ chức tín dụng"
173460,Đoàn Thái Sơn,NguoiKy,content_clean,heuristic,0.75,"NGÂN HÀNG NHÀ NƯỚC VIỆT NAM CỘNG HÒA XÃ HỘI CHỦ NGHĨA VIỆT NAM Độc lập - Tự do - Hạnh phúc Số: 57/2024/TT-NHNN Hà Nội, ngày 24 tháng 12 năm 2024 THÔNG TƯ Quy định hồ sơ, thủ tục cấp Giấy phép lần đầu của tổ chức tín dụng"
173460,Trung ương,DoiTuongApDung,content_clean,heuristic,0.7,"NGÂN HÀNG NHÀ NƯỚC VIỆT NAM CỘNG HÒA XÃ HỘI CHỦ NGHĨA VIỆT NAM Độc lập - Tự do - Hạnh phúc Số: 57/2024/TT-NHNN Hà Nội, ngày 24 tháng 12 năm 2024 THÔNG TƯ Quy định hồ sơ, thủ tục cấp Giấy phép lần đầu của tổ chức tín dụng"
173460,Tổ chức tín dụng,DoiTuongApDung,content_clean,heuristic,0.7,"NGÂN HÀNG NHÀ NƯỚC VIỆT NAM CỘNG HÒA XÃ HỘI CHỦ NGHĨA VIỆT NAM Độc lập - Tự do - Hạnh phúc Số: 57/2024/TT-NHNN Hà Nội, ngày 24 tháng 12 năm 2024 THÔNG TƯ Quy định hồ sơ, thủ tục cấp Giấy phép lần đầu của tổ chức tín dụng"
173460,Chi nhánh ngân hàng nước ngoài,DoiTuongApDung,content_clean,heuristic,0.7,"NGÂN HÀNG NHÀ NƯỚC VIỆT NAM CỘNG HÒA XÃ HỘI CHỦ NGHĨA VIỆT NAM Độc lập - Tự do - Hạnh phúc Số: 57/2024/TT-NHNN Hà Nội, ngày 24 tháng 12 năm 2024 THÔNG TƯ Quy định hồ sơ, thủ tục cấp Giấy phép lần đầu của tổ chức tín dụng"
173460,Quỹ tín dụng nhân dân,DoiTuongApDung,content_clean,heuristic,0.7,"NGÂN HÀNG NHÀ NƯỚC VIỆT NAM CỘNG HÒA XÃ HỘI CHỦ NGHĨA VIỆT NAM Độc lập - Tự do - Hạnh phúc Số: 57/2024/TT-NHNN Hà Nội, ngày 24 tháng 12 năm 2024 THÔNG TƯ Quy định hồ sơ, thủ tục cấp Giấy phép lần đầu của tổ chức tín dụng"
173460,"Thanh tra, giám sát ngân hàng",LinhVuc,content_clean,heuristic,0.7,"NGÂN HÀNG NHÀ NƯỚC VIỆT NAM CỘNG HÒA XÃ HỘI CHỦ NGHĨA VIỆT NAM Độc lập - Tự do - Hạnh phúc Số: 57/2024/TT-NHNN Hà Nội, ngày 24 tháng 12 năm 2024 THÔNG TƯ Quy định hồ sơ, thủ tục cấp Giấy phép lần đầu của tổ chức tín dụng"
173460,Ngân hàng,LinhVuc,content_clean,heuristic,0.7,"NGÂN HÀNG NHÀ NƯỚC VIỆT NAM CỘNG HÒA XÃ HỘI CHỦ NGHĨA VIỆT NAM Độc lập - Tự do - Hạnh phúc Số: 57/2024/TT-NHNN Hà Nội, ngày 24 tháng 12 năm 2024 THÔNG TƯ Quy định hồ sơ, thủ tục cấp Giấy phép lần đầu của tổ chức tín dụng"
173460,Chính phủ,CoQuan,content_clean,heuristic,0.8,"NGÂN HÀNG NHÀ NƯỚC VIỆT NAM CỘNG HÒA XÃ HỘI CHỦ NGHĨA VIỆT NAM Độc lập - Tự do - Hạnh phúc Số: 57/2024/TT-NHNN Hà Nội, ngày 24 tháng 12 năm 2024 THÔNG TƯ Quy định hồ sơ, thủ tục cấp Giấy phép lần đầu của tổ chức tín dụng"
173695,Ngân hàng Nhà nước Việt Nam,CoQuan,content_clean,heuristic,0.75,"NGÂN HÀNG NHÀ NƯỚC VIỆT NAM CỘNG HÒA XÃ HỘI CHỦ NGHĨA VIỆT NAM Độc lập – Tự do – Hạnh phúc Số: 56/2024/TT-NHNN Hà Nội, ngày 24 tháng 12 năm 2024 THÔNG TƯ Quy định hồ sơ, thủ tục cấp Giấy phép lần đầu của ngân hàng thương"
173695,Ngân hàng,CoQuan,content_clean,heuristic,0.75,"NGÂN HÀNG NHÀ NƯỚC VIỆT NAM CỘNG HÒA XÃ HỘI CHỦ NGHĨA VIỆT NAM Độc lập – Tự do – Hạnh phúc Số: 56/2024/TT-NHNN Hà Nội, ngày 24 tháng 12 năm 2024 THÔNG TƯ Quy định hồ sơ, thủ tục cấp Giấy phép lần đầu của ngân hàng thương"
173695,Đoàn Thái Sơn,NguoiKy,content_clean,heuristic,0.75,"NGÂN HÀNG NHÀ NƯỚC VIỆT NAM CỘNG HÒA XÃ HỘI CHỦ NGHĨA VIỆT NAM Độc lập – Tự do – Hạnh phúc Số: 56/2024/TT-NHNN Hà Nội, ngày 24 tháng 12 năm 2024 THÔNG TƯ Quy định hồ sơ, thủ tục cấp Giấy phép lần đầu của ngân hàng thương"
173695,Trung ương,DoiTuongApDung,content_clean,heuristic,0.7,"NGÂN HÀNG NHÀ NƯỚC VIỆT NAM CỘNG HÒA XÃ HỘI CHỦ NGHĨA VIỆT NAM Độc lập – Tự do – Hạnh phúc Số: 56/2024/TT-NHNN Hà Nội, ngày 24 tháng 12 năm 2024 THÔNG TƯ Quy định hồ sơ, thủ tục cấp Giấy phép lần đầu của ngân hàng thương"
173695,Tổ chức tín dụng,DoiTuongApDung,content_clean,heuristic,0.7,"NGÂN HÀNG NHÀ NƯỚC VIỆT NAM CỘNG HÒA XÃ HỘI CHỦ NGHĨA VIỆT NAM Độc lập – Tự do – Hạnh phúc Số: 56/2024/TT-NHNN Hà Nội, ngày 24 tháng 12 năm 2024 THÔNG TƯ Quy định hồ sơ, thủ tục cấp Giấy phép lần đầu của ngân hàng thương"
173695,Chi nhánh ngân hàng nước ngoài,DoiTuongApDung,content_clean,heuristic,0.7,"NGÂN HÀNG NHÀ NƯỚC VIỆT NAM CỘNG HÒA XÃ HỘI CHỦ NGHĨA VIỆT NAM Độc lập – Tự do – Hạnh phúc Số: 56/2024/TT-NHNN Hà Nội, ngày 24 tháng 12 năm 2024 THÔNG TƯ Quy định hồ sơ, thủ tục cấp Giấy phép lần đầu của ngân hàng thương"
173695,Quỹ tín dụng nhân dân,DoiTuongApDung,content_clean,heuristic,0.7,"NGÂN HÀNG NHÀ NƯỚC VIỆT NAM CỘNG HÒA XÃ HỘI CHỦ NGHĨA VIỆT NAM Độc lập – Tự do – Hạnh phúc Số: 56/2024/TT-NHNN Hà Nội, ngày 24 tháng 12 năm 2024 THÔNG TƯ Quy định hồ sơ, thủ tục cấp Giấy phép lần đầu của ngân hàng thương"
173695,"Thanh tra, giám sát ngân hàng",LinhVuc,content_clean,heuristic,0.7,"NGÂN HÀNG NHÀ NƯỚC VIỆT NAM CỘNG HÒA XÃ HỘI CHỦ NGHĨA VIỆT NAM Độc lập – Tự do – Hạnh phúc Số: 56/2024/TT-NHNN Hà Nội, ngày 24 tháng 12 năm 2024 THÔNG TƯ Quy định hồ sơ, thủ tục cấp Giấy phép lần đầu của ngân hàng thương"
173695,Ngân hàng,LinhVuc,content_clean,heuristic,0.7,"NGÂN HÀNG NHÀ NƯỚC VIỆT NAM CỘNG HÒA XÃ HỘI CHỦ NGHĨA VIỆT NAM Độc lập – Tự do – Hạnh phúc Số: 56/2024/TT-NHNN Hà Nội, ngày 24 tháng 12 năm 2024 THÔNG TƯ Quy định hồ sơ, thủ tục cấp Giấy phép lần đầu của ngân hàng thương"
173695,Chính phủ,CoQuan,content_clean,heuristic,0.8,"NGÂN HÀNG NHÀ NƯỚC VIỆT NAM CỘNG HÒA XÃ HỘI CHỦ NGHĨA VIỆT NAM Độc lập – Tự do – Hạnh phúc Số: 56/2024/TT-NHNN Hà Nội, ngày 24 tháng 12 năm 2024 THÔNG TƯ Quy định hồ sơ, thủ tục cấp Giấy phép lần đầu của ngân hàng thương"
174218,Ngân hàng Nhà nước Việt Nam,CoQuan,content_clean,heuristic,0.75,"NGÂN HÀNG NHÀ NƯỚC VIỆT NAM CỘNG HÒA XÃ HỘI CHỦ NGHĨA VIỆT NAM Độc lập – Tự do – Hạnh phúc Số: 62/2024/TT-NHNN Hà Nội, ngày 31 tháng 12 năm 2024 THÔNG TƯ Quy định điều kiện, hồ sơ, thủ tục chấp thuận việc tổ chức lại ngâ"
174218,Ngân hàng,CoQuan,content_clean,heuristic,0.75,"NGÂN HÀNG NHÀ NƯỚC VIỆT NAM CỘNG HÒA XÃ HỘI CHỦ NGHĨA VIỆT NAM Độc lập – Tự do – Hạnh phúc Số: 62/2024/TT-NHNN Hà Nội, ngày 31 tháng 12 năm 2024 THÔNG TƯ Quy định điều kiện, hồ sơ, thủ tục chấp thuận việc tổ chức lại ngâ"
174218,Đoàn Thái Sơn,NguoiKy,content_clean,heuristic,0.75,"NGÂN HÀNG NHÀ NƯỚC VIỆT NAM CỘNG HÒA XÃ HỘI CHỦ NGHĨA VIỆT NAM Độc lập – Tự do – Hạnh phúc Số: 62/2024/TT-NHNN Hà Nội, ngày 31 tháng 12 năm 2024 THÔNG TƯ Quy định điều kiện, hồ sơ, thủ tục chấp thuận việc tổ chức lại ngâ"
174218,Trung ương,DoiTuongApDung,content_clean,heuristic,0.7,"NGÂN HÀNG NHÀ NƯỚC VIỆT NAM CỘNG HÒA XÃ HỘI CHỦ NGHĨA VIỆT NAM Độc lập – Tự do – Hạnh phúc Số: 62/2024/TT-NHNN Hà Nội, ngày 31 tháng 12 năm 2024 THÔNG TƯ Quy định điều kiện, hồ sơ, thủ tục chấp thuận việc tổ chức lại ngâ"
174218,Tổ chức tín dụng,DoiTuongApDung,content_clean,heuristic,0.7,"NGÂN HÀNG NHÀ NƯỚC VIỆT NAM CỘNG HÒA XÃ HỘI CHỦ NGHĨA VIỆT NAM Độc lập – Tự do – Hạnh phúc Số: 62/2024/TT-NHNN Hà Nội, ngày 31 tháng 12 năm 2024 THÔNG TƯ Quy định điều kiện, hồ sơ, thủ tục chấp thuận việc tổ chức lại ngâ"
174218,Chi nhánh ngân hàng nước ngoài,DoiTuongApDung,content_clean,heuristic,0.7,"NGÂN HÀNG NHÀ NƯỚC VIỆT NAM CỘNG HÒA XÃ HỘI CHỦ NGHĨA VIỆT NAM Độc lập – Tự do – Hạnh phúc Số: 62/2024/TT-NHNN Hà Nội, ngày 31 tháng 12 năm 2024 THÔNG TƯ Quy định điều kiện, hồ sơ, thủ tục chấp thuận việc tổ chức lại ngâ"
174218,Quỹ tín dụng nhân dân,DoiTuongApDung,content_clean,heuristic,0.7,"NGÂN HÀNG NHÀ NƯỚC VIỆT NAM CỘNG HÒA XÃ HỘI CHỦ NGHĨA VIỆT NAM Độc lập – Tự do – Hạnh phúc Số: 62/2024/TT-NHNN Hà Nội, ngày 31 tháng 12 năm 2024 THÔNG TƯ Quy định điều kiện, hồ sơ, thủ tục chấp thuận việc tổ chức lại ngâ"
174218,"Thanh tra, giám sát ngân hàng",LinhVuc,content_clean,heuristic,0.7,"NGÂN HÀNG NHÀ NƯỚC VIỆT NAM CỘNG HÒA XÃ HỘI CHỦ NGHĨA VIỆT NAM Độc lập – Tự do – Hạnh phúc Số: 62/2024/TT-NHNN Hà Nội, ngày 31 tháng 12 năm 2024 THÔNG TƯ Quy định điều kiện, hồ sơ, thủ tục chấp thuận việc tổ chức lại ngâ"
174218,Ngân hàng,LinhVuc,content_clean,heuristic,0.7,"NGÂN HÀNG NHÀ NƯỚC VIỆT NAM CỘNG HÒA XÃ HỘI CHỦ NGHĨA VIỆT NAM Độc lập – Tự do – Hạnh phúc Số: 62/2024/TT-NHNN Hà Nội, ngày 31 tháng 12 năm 2024 THÔNG TƯ Quy định điều kiện, hồ sơ, thủ tục chấp thuận việc tổ chức lại ngâ"
174218,Chính phủ,CoQuan,content_clean,heuristic,0.8,"NGÂN HÀNG NHÀ NƯỚC VIỆT NAM CỘNG HÒA XÃ HỘI CHỦ NGHĨA VIỆT NAM Độc lập – Tự do – Hạnh phúc Số: 62/2024/TT-NHNN Hà Nội, ngày 31 tháng 12 năm 2024 THÔNG TƯ Quy định điều kiện, hồ sơ, thủ tục chấp thuận việc tổ chức lại ngâ"
177271,Ngân hàng Nhà nước Việt Nam,CoQuan,content_clean,heuristic,0.75,"NGÂN HÀNG NHÀ NƯỚC VIỆT NAM CỘNG HÒA XÃ HỘI CHỦ NGHĨA VIỆT NAM Độc lập – Tự do – Hạnh phúc Số: 01/2025/TT-NHNN Hà Nội, ngày 29 tháng 4 năm 2025 THÔNG TƯ Quy định về cấp Giấy phép lần đầu, cấp đổi Giấy phép của quỹ tín dụ"
177271,Ngân hàng,CoQuan,content_clean,heuristic,0.75,"NGÂN HÀNG NHÀ NƯỚC VIỆT NAM CỘNG HÒA XÃ HỘI CHỦ NGHĨA VIỆT NAM Độc lập – Tự do – Hạnh phúc Số: 01/2025/TT-NHNN Hà Nội, ngày 29 tháng 4 năm 2025 THÔNG TƯ Quy định về cấp Giấy phép lần đầu, cấp đổi Giấy phép của quỹ tín dụ"
177271,Đoàn Thái Sơn,NguoiKy,content_clean,heuristic,0.75,"NGÂN HÀNG NHÀ NƯỚC VIỆT NAM CỘNG HÒA XÃ HỘI CHỦ NGHĨA VIỆT NAM Độc lập – Tự do – Hạnh phúc Số: 01/2025/TT-NHNN Hà Nội, ngày 29 tháng 4 năm 2025 THÔNG TƯ Quy định về cấp Giấy phép lần đầu, cấp đổi Giấy phép của quỹ tín dụ"
177271,Trung ương,DoiTuongApDung,content_clean,heuristic,0.7,"NGÂN HÀNG NHÀ NƯỚC VIỆT NAM CỘNG HÒA XÃ HỘI CHỦ NGHĨA VIỆT NAM Độc lập – Tự do – Hạnh phúc Số: 01/2025/TT-NHNN Hà Nội, ngày 29 tháng 4 năm 2025 THÔNG TƯ Quy định về cấp Giấy phép lần đầu, cấp đổi Giấy phép của quỹ tín dụ"
177271,Tổ chức tín dụng,DoiTuongApDung,content_clean,heuristic,0.7,"NGÂN HÀNG NHÀ NƯỚC VIỆT NAM CỘNG HÒA XÃ HỘI CHỦ NGHĨA VIỆT NAM Độc lập – Tự do – Hạnh phúc Số: 01/2025/TT-NHNN Hà Nội, ngày 29 tháng 4 năm 2025 THÔNG TƯ Quy định về cấp Giấy phép lần đầu, cấp đổi Giấy phép của quỹ tín dụ"
177271,Chi nhánh ngân hàng nước ngoài,DoiTuongApDung,content_clean,heuristic,0.7,"NGÂN HÀNG NHÀ NƯỚC VIỆT NAM CỘNG HÒA XÃ HỘI CHỦ NGHĨA VIỆT NAM Độc lập – Tự do – Hạnh phúc Số: 01/2025/TT-NHNN Hà Nội, ngày 29 tháng 4 năm 2025 THÔNG TƯ Quy định về cấp Giấy phép lần đầu, cấp đổi Giấy phép của quỹ tín dụ"
177271,Quỹ tín dụng nhân dân,DoiTuongApDung,content_clean,heuristic,0.7,"NGÂN HÀNG NHÀ NƯỚC VIỆT NAM CỘNG HÒA XÃ HỘI CHỦ NGHĨA VIỆT NAM Độc lập – Tự do – Hạnh phúc Số: 01/2025/TT-NHNN Hà Nội, ngày 29 tháng 4 năm 2025 THÔNG TƯ Quy định về cấp Giấy phép lần đầu, cấp đổi Giấy phép của quỹ tín dụ"
177271,Cục An toàn hệ thống các tổ chức tín dụng,LinhVuc,content_clean,heuristic,0.7,"NGÂN HÀNG NHÀ NƯỚC VIỆT NAM CỘNG HÒA XÃ HỘI CHỦ NGHĨA VIỆT NAM Độc lập – Tự do – Hạnh phúc Số: 01/2025/TT-NHNN Hà Nội, ngày 29 tháng 4 năm 2025 THÔNG TƯ Quy định về cấp Giấy phép lần đầu, cấp đổi Giấy phép của quỹ tín dụ"
177271,Ngân hàng,LinhVuc,content_clean,heuristic,0.7,"NGÂN HÀNG NHÀ NƯỚC VIỆT NAM CỘNG HÒA XÃ HỘI CHỦ NGHĨA VIỆT NAM Độc lập – Tự do – Hạnh phúc Số: 01/2025/TT-NHNN Hà Nội, ngày 29 tháng 4 năm 2025 THÔNG TƯ Quy định về cấp Giấy phép lần đầu, cấp đổi Giấy phép của quỹ tín dụ"
177271,Chính phủ,CoQuan,content_clean,heuristic,0.8,"NGÂN HÀNG NHÀ NƯỚC VIỆT NAM CỘNG HÒA XÃ HỘI CHỦ NGHĨA VIỆT NAM Độc lập – Tự do – Hạnh phúc Số: 01/2025/TT-NHNN Hà Nội, ngày 29 tháng 4 năm 2025 THÔNG TƯ Quy định về cấp Giấy phép lần đầu, cấp đổi Giấy phép của quỹ tín dụ"
185630,Ngân hàng Nhà nước Việt Nam,CoQuan,content_clean,heuristic,0.75,"NGÂN HÀNG NHÀ NƯỚC VIỆT NAM CỘNG HÒA XÃ HỘI CHỦ NGHĨA VIỆT NAM Độc lập - Tự do - Hạnh phúc Số: 63/2025/TT-NHNN Hà Nội, ngày 31 tháng 12 năm 2025 THÔNG TƯ Sửa đổi, bổ sung một số điều của một số Thông tư về quỹ tín dụng n"
185630,Lao động - Thương binh và Xã hội,CoQuan,content_clean,heuristic,0.75,"NGÂN HÀNG NHÀ NƯỚC VIỆT NAM CỘNG HÒA XÃ HỘI CHỦ NGHĨA VIỆT NAM Độc lập - Tự do - Hạnh phúc Số: 63/2025/TT-NHNN Hà Nội, ngày 31 tháng 12 năm 2025 THÔNG TƯ Sửa đổi, bổ sung một số điều của một số Thông tư về quỹ tín dụng n"
185630,Đoàn Thái Sơn,NguoiKy,content_clean,heuristic,0.75,"NGÂN HÀNG NHÀ NƯỚC VIỆT NAM CỘNG HÒA XÃ HỘI CHỦ NGHĨA VIỆT NAM Độc lập - Tự do - Hạnh phúc Số: 63/2025/TT-NHNN Hà Nội, ngày 31 tháng 12 năm 2025 THÔNG TƯ Sửa đổi, bổ sung một số điều của một số Thông tư về quỹ tín dụng n"
185630,Trung ương,DoiTuongApDung,content_clean,heuristic,0.7,"NGÂN HÀNG NHÀ NƯỚC VIỆT NAM CỘNG HÒA XÃ HỘI CHỦ NGHĨA VIỆT NAM Độc lập - Tự do - Hạnh phúc Số: 63/2025/TT-NHNN Hà Nội, ngày 31 tháng 12 năm 2025 THÔNG TƯ Sửa đổi, bổ sung một số điều của một số Thông tư về quỹ tín dụng n"
185630,Tổ chức tín dụng,DoiTuongApDung,content_clean,heuristic,0.7,"NGÂN HÀNG NHÀ NƯỚC VIỆT NAM CỘNG HÒA XÃ HỘI CHỦ NGHĨA VIỆT NAM Độc lập - Tự do - Hạnh phúc Số: 63/2025/TT-NHNN Hà Nội, ngày 31 tháng 12 năm 2025 THÔNG TƯ Sửa đổi, bổ sung một số điều của một số Thông tư về quỹ tín dụng n"
185630,Chi nhánh ngân hàng nước ngoài,DoiTuongApDung,content_clean,heuristic,0.7,"NGÂN HÀNG NHÀ NƯỚC VIỆT NAM CỘNG HÒA XÃ HỘI CHỦ NGHĨA VIỆT NAM Độc lập - Tự do - Hạnh phúc Số: 63/2025/TT-NHNN Hà Nội, ngày 31 tháng 12 năm 2025 THÔNG TƯ Sửa đổi, bổ sung một số điều của một số Thông tư về quỹ tín dụng n"
185630,Quỹ tín dụng nhân dân,DoiTuongApDung,content_clean,heuristic,0.7,"NGÂN HÀNG NHÀ NƯỚC VIỆT NAM CỘNG HÒA XÃ HỘI CHỦ NGHĨA VIỆT NAM Độc lập - Tự do - Hạnh phúc Số: 63/2025/TT-NHNN Hà Nội, ngày 31 tháng 12 năm 2025 THÔNG TƯ Sửa đổi, bổ sung một số điều của một số Thông tư về quỹ tín dụng n"
185630,"Lao động, tiền lương, tiền công",LinhVuc,content_clean,heuristic,0.7,"NGÂN HÀNG NHÀ NƯỚC VIỆT NAM CỘNG HÒA XÃ HỘI CHỦ NGHĨA VIỆT NAM Độc lập - Tự do - Hạnh phúc Số: 63/2025/TT-NHNN Hà Nội, ngày 31 tháng 12 năm 2025 THÔNG TƯ Sửa đổi, bổ sung một số điều của một số Thông tư về quỹ tín dụng n"
185630,Lao động - Thương binh và Xã hội,LinhVuc,content_clean,heuristic,0.7,"NGÂN HÀNG NHÀ NƯỚC VIỆT NAM CỘNG HÒA XÃ HỘI CHỦ NGHĨA VIỆT NAM Độc lập - Tự do - Hạnh phúc Số: 63/2025/TT-NHNN Hà Nội, ngày 31 tháng 12 năm 2025 THÔNG TƯ Sửa đổi, bổ sung một số điều của một số Thông tư về quỹ tín dụng n"
185630,Chính phủ,CoQuan,content_clean,heuristic,0.8,"NGÂN HÀNG NHÀ NƯỚC VIỆT NAM CỘNG HÒA XÃ HỘI CHỦ NGHĨA VIỆT NAM Độc lập - Tự do - Hạnh phúc Số: 63/2025/TT-NHNN Hà Nội, ngày 31 tháng 12 năm 2025 THÔNG TƯ Sửa đổi, bổ sung một số điều của một số Thông tư về quỹ tín dụng n"
186482,Ngân hàng Nhà nước Việt Nam,CoQuan,content_clean,heuristic,0.75,"NGÂN HÀNG NHÀ NƯỚC VIỆT NAM ------- CỘNG HÒA XÃ HỘI CHỦ NGHĨA VIỆT NAM Độc lập - Tự do - Hạnh phúc --------------- Số: 69/2025/TT-NHNN Hà Nội, ngày 31 tháng 12 năm 2025 THÔNG TƯ Sửa đổi, bổ sung một số điều của một số Th"
186482,Ngân hàng,CoQuan,content_clean,heuristic,0.75,"NGÂN HÀNG NHÀ NƯỚC VIỆT NAM ------- CỘNG HÒA XÃ HỘI CHỦ NGHĨA VIỆT NAM Độc lập - Tự do - Hạnh phúc --------------- Số: 69/2025/TT-NHNN Hà Nội, ngày 31 tháng 12 năm 2025 THÔNG TƯ Sửa đổi, bổ sung một số điều của một số Th"
186482,Đoàn Thái Sơn,NguoiKy,content_clean,heuristic,0.75,"NGÂN HÀNG NHÀ NƯỚC VIỆT NAM ------- CỘNG HÒA XÃ HỘI CHỦ NGHĨA VIỆT NAM Độc lập - Tự do - Hạnh phúc --------------- Số: 69/2025/TT-NHNN Hà Nội, ngày 31 tháng 12 năm 2025 THÔNG TƯ Sửa đổi, bổ sung một số điều của một số Th"
186482,Trung ương,DoiTuongApDung,content_clean,heuristic,0.7,"NGÂN HÀNG NHÀ NƯỚC VIỆT NAM ------- CỘNG HÒA XÃ HỘI CHỦ NGHĨA VIỆT NAM Độc lập - Tự do - Hạnh phúc --------------- Số: 69/2025/TT-NHNN Hà Nội, ngày 31 tháng 12 năm 2025 THÔNG TƯ Sửa đổi, bổ sung một số điều của một số Th"
186482,Tổ chức tín dụng,DoiTuongApDung,content_clean,heuristic,0.7,"NGÂN HÀNG NHÀ NƯỚC VIỆT NAM ------- CỘNG HÒA XÃ HỘI CHỦ NGHĨA VIỆT NAM Độc lập - Tự do - Hạnh phúc --------------- Số: 69/2025/TT-NHNN Hà Nội, ngày 31 tháng 12 năm 2025 THÔNG TƯ Sửa đổi, bổ sung một số điều của một số Th"
186482,Chi nhánh ngân hàng nước ngoài,DoiTuongApDung,content_clean,heuristic,0.7,"NGÂN HÀNG NHÀ NƯỚC VIỆT NAM ------- CỘNG HÒA XÃ HỘI CHỦ NGHĨA VIỆT NAM Độc lập - Tự do - Hạnh phúc --------------- Số: 69/2025/TT-NHNN Hà Nội, ngày 31 tháng 12 năm 2025 THÔNG TƯ Sửa đổi, bổ sung một số điều của một số Th"
186482,Quỹ tín dụng nhân dân,DoiTuongApDung,content_clean,heuristic,0.7,"NGÂN HÀNG NHÀ NƯỚC VIỆT NAM ------- CỘNG HÒA XÃ HỘI CHỦ NGHĨA VIỆT NAM Độc lập - Tự do - Hạnh phúc --------------- Số: 69/2025/TT-NHNN Hà Nội, ngày 31 tháng 12 năm 2025 THÔNG TƯ Sửa đổi, bổ sung một số điều của một số Th"
186482,Cục An toàn hệ thống các tổ chức tín dụng,LinhVuc,content_clean,heuristic,0.7,"NGÂN HÀNG NHÀ NƯỚC VIỆT NAM ------- CỘNG HÒA XÃ HỘI CHỦ NGHĨA VIỆT NAM Độc lập - Tự do - Hạnh phúc --------------- Số: 69/2025/TT-NHNN Hà Nội, ngày 31 tháng 12 năm 2025 THÔNG TƯ Sửa đổi, bổ sung một số điều của một số Th"
186482,Ngân hàng,LinhVuc,content_clean,heuristic,0.7,"NGÂN HÀNG NHÀ NƯỚC VIỆT NAM ------- CỘNG HÒA XÃ HỘI CHỦ NGHĨA VIỆT NAM Độc lập - Tự do - Hạnh phúc --------------- Số: 69/2025/TT-NHNN Hà Nội, ngày 31 tháng 12 năm 2025 THÔNG TƯ Sửa đổi, bổ sung một số điều của một số Th"
186482,Chính phủ,CoQuan,content_clean,heuristic,0.8,"NGÂN HÀNG NHÀ NƯỚC VIỆT NAM ------- CỘNG HÒA XÃ HỘI CHỦ NGHĨA VIỆT NAM Độc lập - Tự do - Hạnh phúc --------------- Số: 69/2025/TT-NHNN Hà Nội, ngày 31 tháng 12 năm 2025 THÔNG TƯ Sửa đổi, bổ sung một số điều của một số Th"
186888,Ngân hàng Nhà nước Việt Nam,CoQuan,content_clean,heuristic,0.75,"Document Content NGÂN HÀNG NHÀ NƯỚC VIỆT NAM _________ Số: 62/2025/TT-NHNN CỘNG HÒA XÃ HỘI CHỦ NGHĨA VIỆT NAM Độc lập - Tự do - Hạnh phúc ________________________ Hà Nội, ngày 31 tháng 12 năm 2025 THÔNG TƯ Quy định về hệ"
186888,Ngân hàng,CoQuan,content_clean,heuristic,0.75,"Document Content NGÂN HÀNG NHÀ NƯỚC VIỆT NAM _________ Số: 62/2025/TT-NHNN CỘNG HÒA XÃ HỘI CHỦ NGHĨA VIỆT NAM Độc lập - Tự do - Hạnh phúc ________________________ Hà Nội, ngày 31 tháng 12 năm 2025 THÔNG TƯ Quy định về hệ"
186888,Đoàn Thái Sơn,NguoiKy,content_clean,heuristic,0.75,"Document Content NGÂN HÀNG NHÀ NƯỚC VIỆT NAM _________ Số: 62/2025/TT-NHNN CỘNG HÒA XÃ HỘI CHỦ NGHĨA VIỆT NAM Độc lập - Tự do - Hạnh phúc ________________________ Hà Nội, ngày 31 tháng 12 năm 2025 THÔNG TƯ Quy định về hệ"
186888,Trung ương,DoiTuongApDung,content_clean,heuristic,0.7,"Document Content NGÂN HÀNG NHÀ NƯỚC VIỆT NAM _________ Số: 62/2025/TT-NHNN CỘNG HÒA XÃ HỘI CHỦ NGHĨA VIỆT NAM Độc lập - Tự do - Hạnh phúc ________________________ Hà Nội, ngày 31 tháng 12 năm 2025 THÔNG TƯ Quy định về hệ"
186888,Tổ chức tín dụng,DoiTuongApDung,content_clean,heuristic,0.7,"Document Content NGÂN HÀNG NHÀ NƯỚC VIỆT NAM _________ Số: 62/2025/TT-NHNN CỘNG HÒA XÃ HỘI CHỦ NGHĨA VIỆT NAM Độc lập - Tự do - Hạnh phúc ________________________ Hà Nội, ngày 31 tháng 12 năm 2025 THÔNG TƯ Quy định về hệ"
186888,Chi nhánh ngân hàng nước ngoài,DoiTuongApDung,content_clean,heuristic,0.7,"Document Content NGÂN HÀNG NHÀ NƯỚC VIỆT NAM _________ Số: 62/2025/TT-NHNN CỘNG HÒA XÃ HỘI CHỦ NGHĨA VIỆT NAM Độc lập - Tự do - Hạnh phúc ________________________ Hà Nội, ngày 31 tháng 12 năm 2025 THÔNG TƯ Quy định về hệ"
186888,Quỹ tín dụng nhân dân,DoiTuongApDung,content_clean,heuristic,0.7,"Document Content NGÂN HÀNG NHÀ NƯỚC VIỆT NAM _________ Số: 62/2025/TT-NHNN CỘNG HÒA XÃ HỘI CHỦ NGHĨA VIỆT NAM Độc lập - Tự do - Hạnh phúc ________________________ Hà Nội, ngày 31 tháng 12 năm 2025 THÔNG TƯ Quy định về hệ"
186888,Cục An toàn hệ thống các tổ chức tín dụng,LinhVuc,content_clean,heuristic,0.7,"Document Content NGÂN HÀNG NHÀ NƯỚC VIỆT NAM _________ Số: 62/2025/TT-NHNN CỘNG HÒA XÃ HỘI CHỦ NGHĨA VIỆT NAM Độc lập - Tự do - Hạnh phúc ________________________ Hà Nội, ngày 31 tháng 12 năm 2025 THÔNG TƯ Quy định về hệ"
186888,Ngân hàng,LinhVuc,content_clean,heuristic,0.7,"Document Content NGÂN HÀNG NHÀ NƯỚC VIỆT NAM _________ Số: 62/2025/TT-NHNN CỘNG HÒA XÃ HỘI CHỦ NGHĨA VIỆT NAM Độc lập - Tự do - Hạnh phúc ________________________ Hà Nội, ngày 31 tháng 12 năm 2025 THÔNG TƯ Quy định về hệ"
186888,Chính phủ,CoQuan,content_clean,heuristic,0.8,"Document Content NGÂN HÀNG NHÀ NƯỚC VIỆT NAM _________ Số: 62/2025/TT-NHNN CỘNG HÒA XÃ HỘI CHỦ NGHĨA VIỆT NAM Độc lập - Tự do - Hạnh phúc ________________________ Hà Nội, ngày 31 tháng 12 năm 2025 THÔNG TƯ Quy định về hệ"
25692,Quốc hội,CoQuan,content_clean,heuristic,0.75,"LUẬT Ngân hàng Nhà nước Việt Nam ________________ Căn cứ Hiến pháp nước Cộng hoà xã hội chủ nghĩa Việt Nam năm 1992 đã được sửa đổi, bổ sung một số điều theo Nghị quyết số 51/2001/QH10; Quốc hội ban hành Luật Ngân hàng N"
25692,Nguyễn Phú Trọng,NguoiKy,content_clean,heuristic,0.75,"LUẬT Ngân hàng Nhà nước Việt Nam ________________ Căn cứ Hiến pháp nước Cộng hoà xã hội chủ nghĩa Việt Nam năm 1992 đã được sửa đổi, bổ sung một số điều theo Nghị quyết số 51/2001/QH10; Quốc hội ban hành Luật Ngân hàng N"
25692,Toàn quốc,DoiTuongApDung,content_clean,heuristic,0.7,"LUẬT Ngân hàng Nhà nước Việt Nam ________________ Căn cứ Hiến pháp nước Cộng hoà xã hội chủ nghĩa Việt Nam năm 1992 đã được sửa đổi, bổ sung một số điều theo Nghị quyết số 51/2001/QH10; Quốc hội ban hành Luật Ngân hàng N"
25692,Tổ chức tín dụng,DoiTuongApDung,content_clean,heuristic,0.7,"LUẬT Ngân hàng Nhà nước Việt Nam ________________ Căn cứ Hiến pháp nước Cộng hoà xã hội chủ nghĩa Việt Nam năm 1992 đã được sửa đổi, bổ sung một số điều theo Nghị quyết số 51/2001/QH10; Quốc hội ban hành Luật Ngân hàng N"
25692,Chi nhánh ngân hàng nước ngoài,DoiTuongApDung,content_clean,heuristic,0.7,"LUẬT Ngân hàng Nhà nước Việt Nam ________________ Căn cứ Hiến pháp nước Cộng hoà xã hội chủ nghĩa Việt Nam năm 1992 đã được sửa đổi, bổ sung một số điều theo Nghị quyết số 51/2001/QH10; Quốc hội ban hành Luật Ngân hàng N"
25692,Quỹ tín dụng nhân dân,DoiTuongApDung,content_clean,heuristic,0.7,"LUẬT Ngân hàng Nhà nước Việt Nam ________________ Căn cứ Hiến pháp nước Cộng hoà xã hội chủ nghĩa Việt Nam năm 1992 đã được sửa đổi, bổ sung một số điều theo Nghị quyết số 51/2001/QH10; Quốc hội ban hành Luật Ngân hàng N"
25692,Ngân hàng Nhà nước Việt Nam,CoQuan,content_clean,heuristic,0.8,"LUẬT Ngân hàng Nhà nước Việt Nam ________________ Căn cứ Hiến pháp nước Cộng hoà xã hội chủ nghĩa Việt Nam năm 1992 đã được sửa đổi, bổ sung một số điều theo Nghị quyết số 51/2001/QH10; Quốc hội ban hành Luật Ngân hàng N"
25692,Bộ Tài chính,CoQuan,content_clean,heuristic,0.8,"LUẬT Ngân hàng Nhà nước Việt Nam ________________ Căn cứ Hiến pháp nước Cộng hoà xã hội chủ nghĩa Việt Nam năm 1992 đã được sửa đổi, bổ sung một số điều theo Nghị quyết số 51/2001/QH10; Quốc hội ban hành Luật Ngân hàng N"
25692,Chính phủ,CoQuan,content_clean,heuristic,0.8,"LUẬT Ngân hàng Nhà nước Việt Nam ________________ Căn cứ Hiến pháp nước Cộng hoà xã hội chủ nghĩa Việt Nam năm 1992 đã được sửa đổi, bổ sung một số điều theo Nghị quyết số 51/2001/QH10; Quốc hội ban hành Luật Ngân hàng N"
26750,Quốc hội,CoQuan,content_clean,heuristic,0.75,QUỐC HỘI CỘNG HÒA XÃ HỘI CHỦ NGHĨA VIỆT NAM Độc lập – Tự do – Hạnh phúc Số: 67/2011/QH12 Ngày 29 tháng 3 năm 2011 LUẬT Kiểm toán độc lập ______ Căn cứ Hiến pháp nước Cộng hòa xã hội chủ nghĩa Việt Nam năm 1992 đã được sử
26750,Tài chính,CoQuan,content_clean,heuristic,0.75,QUỐC HỘI CỘNG HÒA XÃ HỘI CHỦ NGHĨA VIỆT NAM Độc lập – Tự do – Hạnh phúc Số: 67/2011/QH12 Ngày 29 tháng 3 năm 2011 LUẬT Kiểm toán độc lập ______ Căn cứ Hiến pháp nước Cộng hòa xã hội chủ nghĩa Việt Nam năm 1992 đã được sử
26750,Nguyễn Phú Trọng,NguoiKy,content_clean,heuristic,0.75,QUỐC HỘI CỘNG HÒA XÃ HỘI CHỦ NGHĨA VIỆT NAM Độc lập – Tự do – Hạnh phúc Số: 67/2011/QH12 Ngày 29 tháng 3 năm 2011 LUẬT Kiểm toán độc lập ______ Căn cứ Hiến pháp nước Cộng hòa xã hội chủ nghĩa Việt Nam năm 1992 đã được sử
26750,Trung ương,DoiTuongApDung,content_clean,heuristic,0.7,QUỐC HỘI CỘNG HÒA XÃ HỘI CHỦ NGHĨA VIỆT NAM Độc lập – Tự do – Hạnh phúc Số: 67/2011/QH12 Ngày 29 tháng 3 năm 2011 LUẬT Kiểm toán độc lập ______ Căn cứ Hiến pháp nước Cộng hòa xã hội chủ nghĩa Việt Nam năm 1992 đã được sử
26750,Tổ chức tín dụng,DoiTuongApDung,content_clean,heuristic,0.7,QUỐC HỘI CỘNG HÒA XÃ HỘI CHỦ NGHĨA VIỆT NAM Độc lập – Tự do – Hạnh phúc Số: 67/2011/QH12 Ngày 29 tháng 3 năm 2011 LUẬT Kiểm toán độc lập ______ Căn cứ Hiến pháp nước Cộng hòa xã hội chủ nghĩa Việt Nam năm 1992 đã được sử
26750,Chi nhánh ngân hàng nước ngoài,DoiTuongApDung,content_clean,heuristic,0.7,QUỐC HỘI CỘNG HÒA XÃ HỘI CHỦ NGHĨA VIỆT NAM Độc lập – Tự do – Hạnh phúc Số: 67/2011/QH12 Ngày 29 tháng 3 năm 2011 LUẬT Kiểm toán độc lập ______ Căn cứ Hiến pháp nước Cộng hòa xã hội chủ nghĩa Việt Nam năm 1992 đã được sử
26750,Quỹ tín dụng nhân dân,DoiTuongApDung,content_clean,heuristic,0.7,QUỐC HỘI CỘNG HÒA XÃ HỘI CHỦ NGHĨA VIỆT NAM Độc lập – Tự do – Hạnh phúc Số: 67/2011/QH12 Ngày 29 tháng 3 năm 2011 LUẬT Kiểm toán độc lập ______ Căn cứ Hiến pháp nước Cộng hòa xã hội chủ nghĩa Việt Nam năm 1992 đã được sử
26750,Tài chính,LinhVuc,content_clean,heuristic,0.7,QUỐC HỘI CỘNG HÒA XÃ HỘI CHỦ NGHĨA VIỆT NAM Độc lập – Tự do – Hạnh phúc Số: 67/2011/QH12 Ngày 29 tháng 3 năm 2011 LUẬT Kiểm toán độc lập ______ Căn cứ Hiến pháp nước Cộng hòa xã hội chủ nghĩa Việt Nam năm 1992 đã được sử
26750,Bộ Tài chính,CoQuan,content_clean,heuristic,0.8,QUỐC HỘI CỘNG HÒA XÃ HỘI CHỦ NGHĨA VIỆT NAM Độc lập – Tự do – Hạnh phúc Số: 67/2011/QH12 Ngày 29 tháng 3 năm 2011 LUẬT Kiểm toán độc lập ______ Căn cứ Hiến pháp nước Cộng hòa xã hội chủ nghĩa Việt Nam năm 1992 đã được sử
26750,Chính phủ,CoQuan,content_clean,heuristic,0.8,QUỐC HỘI CỘNG HÒA XÃ HỘI CHỦ NGHĨA VIỆT NAM Độc lập – Tự do – Hạnh phúc Số: 67/2011/QH12 Ngày 29 tháng 3 năm 2011 LUẬT Kiểm toán độc lập ______ Căn cứ Hiến pháp nước Cộng hòa xã hội chủ nghĩa Việt Nam năm 1992 đã được sử
27257,Ngân hàng Nhà nước Việt Nam,CoQuan,content_clean,heuristic,0.75,"NGÂN HÀNG NHÀ NƯỚC VIỆT NAM ------- CỘNG HÒA XÃ HỘI CHỦ NGHĨA VIỆT NAM Độc lập - Tự do - Hạnh phúc --------------- Số: 44/2011/TT-NHNN Hà Nội, ngày 29 tháng 12 năm 2011 THÔNG TƯ Q uy định về hệ thống kiểm soát nội bộ và "
27257,Lao động - Thương binh và Xã hội,CoQuan,content_clean,heuristic,0.75,"NGÂN HÀNG NHÀ NƯỚC VIỆT NAM ------- CỘNG HÒA XÃ HỘI CHỦ NGHĨA VIỆT NAM Độc lập - Tự do - Hạnh phúc --------------- Số: 44/2011/TT-NHNN Hà Nội, ngày 29 tháng 12 năm 2011 THÔNG TƯ Q uy định về hệ thống kiểm soát nội bộ và "
27257,Trần Minh Tuấn,NguoiKy,content_clean,heuristic,0.75,"NGÂN HÀNG NHÀ NƯỚC VIỆT NAM ------- CỘNG HÒA XÃ HỘI CHỦ NGHĨA VIỆT NAM Độc lập - Tự do - Hạnh phúc --------------- Số: 44/2011/TT-NHNN Hà Nội, ngày 29 tháng 12 năm 2011 THÔNG TƯ Q uy định về hệ thống kiểm soát nội bộ và "
27257,Trung ương,DoiTuongApDung,content_clean,heuristic,0.7,"NGÂN HÀNG NHÀ NƯỚC VIỆT NAM ------- CỘNG HÒA XÃ HỘI CHỦ NGHĨA VIỆT NAM Độc lập - Tự do - Hạnh phúc --------------- Số: 44/2011/TT-NHNN Hà Nội, ngày 29 tháng 12 năm 2011 THÔNG TƯ Q uy định về hệ thống kiểm soát nội bộ và "
27257,Tổ chức tín dụng,DoiTuongApDung,content_clean,heuristic,0.7,"NGÂN HÀNG NHÀ NƯỚC VIỆT NAM ------- CỘNG HÒA XÃ HỘI CHỦ NGHĨA VIỆT NAM Độc lập - Tự do - Hạnh phúc --------------- Số: 44/2011/TT-NHNN Hà Nội, ngày 29 tháng 12 năm 2011 THÔNG TƯ Q uy định về hệ thống kiểm soát nội bộ và "
27257,Chi nhánh ngân hàng nước ngoài,DoiTuongApDung,content_clean,heuristic,0.7,"NGÂN HÀNG NHÀ NƯỚC VIỆT NAM ------- CỘNG HÒA XÃ HỘI CHỦ NGHĨA VIỆT NAM Độc lập - Tự do - Hạnh phúc --------------- Số: 44/2011/TT-NHNN Hà Nội, ngày 29 tháng 12 năm 2011 THÔNG TƯ Q uy định về hệ thống kiểm soát nội bộ và "
27257,Quỹ tín dụng nhân dân,DoiTuongApDung,content_clean,heuristic,0.7,"NGÂN HÀNG NHÀ NƯỚC VIỆT NAM ------- CỘNG HÒA XÃ HỘI CHỦ NGHĨA VIỆT NAM Độc lập - Tự do - Hạnh phúc --------------- Số: 44/2011/TT-NHNN Hà Nội, ngày 29 tháng 12 năm 2011 THÔNG TƯ Q uy định về hệ thống kiểm soát nội bộ và "
27257,Lao động - Thương binh và Xã hội,LinhVuc,content_clean,heuristic,0.7,"NGÂN HÀNG NHÀ NƯỚC VIỆT NAM ------- CỘNG HÒA XÃ HỘI CHỦ NGHĨA VIỆT NAM Độc lập - Tự do - Hạnh phúc --------------- Số: 44/2011/TT-NHNN Hà Nội, ngày 29 tháng 12 năm 2011 THÔNG TƯ Q uy định về hệ thống kiểm soát nội bộ và "
27257,Chính phủ,CoQuan,content_clean,heuristic,0.8,"NGÂN HÀNG NHÀ NƯỚC VIỆT NAM ------- CỘNG HÒA XÃ HỘI CHỦ NGHĨA VIỆT NAM Độc lập - Tự do - Hạnh phúc --------------- Số: 44/2011/TT-NHNN Hà Nội, ngày 29 tháng 12 năm 2011 THÔNG TƯ Q uy định về hệ thống kiểm soát nội bộ và "
30402,Bộ Tài chính,CoQuan,content_clean,heuristic,0.75,"BỘ TÀI CHÍNH CỘNG HÒA XÃ HỘI CHỦ NGHĨA VIỆT NAM Độc lập – Tự do – Hạnh phúc Số: 202/2012/TT-BTC Hà Nội, ngày 19 tháng 11 năm 2012 THÔNG TƯ Hướng dẫn về đăng ký, quản lý và công khai danh sách kiểm toán viên hành nghề kiể"
30402,Trần Xuân Hà,NguoiKy,content_clean,heuristic,0.75,"BỘ TÀI CHÍNH CỘNG HÒA XÃ HỘI CHỦ NGHĨA VIỆT NAM Độc lập – Tự do – Hạnh phúc Số: 202/2012/TT-BTC Hà Nội, ngày 19 tháng 11 năm 2012 THÔNG TƯ Hướng dẫn về đăng ký, quản lý và công khai danh sách kiểm toán viên hành nghề kiể"
30402,Trung ương,DoiTuongApDung,content_clean,heuristic,0.7,"BỘ TÀI CHÍNH CỘNG HÒA XÃ HỘI CHỦ NGHĨA VIỆT NAM Độc lập – Tự do – Hạnh phúc Số: 202/2012/TT-BTC Hà Nội, ngày 19 tháng 11 năm 2012 THÔNG TƯ Hướng dẫn về đăng ký, quản lý và công khai danh sách kiểm toán viên hành nghề kiể"
30402,Tổ chức tín dụng,DoiTuongApDung,content_clean,heuristic,0.7,"BỘ TÀI CHÍNH CỘNG HÒA XÃ HỘI CHỦ NGHĨA VIỆT NAM Độc lập – Tự do – Hạnh phúc Số: 202/2012/TT-BTC Hà Nội, ngày 19 tháng 11 năm 2012 THÔNG TƯ Hướng dẫn về đăng ký, quản lý và công khai danh sách kiểm toán viên hành nghề kiể"
30402,Chi nhánh ngân hàng nước ngoài,DoiTuongApDung,content_clean,heuristic,0.7,"BỘ TÀI CHÍNH CỘNG HÒA XÃ HỘI CHỦ NGHĨA VIỆT NAM Độc lập – Tự do – Hạnh phúc Số: 202/2012/TT-BTC Hà Nội, ngày 19 tháng 11 năm 2012 THÔNG TƯ Hướng dẫn về đăng ký, quản lý và công khai danh sách kiểm toán viên hành nghề kiể"
30402,Quỹ tín dụng nhân dân,DoiTuongApDung,content_clean,heuristic,0.7,"BỘ TÀI CHÍNH CỘNG HÒA XÃ HỘI CHỦ NGHĨA VIỆT NAM Độc lập – Tự do – Hạnh phúc Số: 202/2012/TT-BTC Hà Nội, ngày 19 tháng 11 năm 2012 THÔNG TƯ Hướng dẫn về đăng ký, quản lý và công khai danh sách kiểm toán viên hành nghề kiể"
30402,Quản lý dịch vụ tài chính và các quỹ tài chính,LinhVuc,content_clean,heuristic,0.7,"BỘ TÀI CHÍNH CỘNG HÒA XÃ HỘI CHỦ NGHĨA VIỆT NAM Độc lập – Tự do – Hạnh phúc Số: 202/2012/TT-BTC Hà Nội, ngày 19 tháng 11 năm 2012 THÔNG TƯ Hướng dẫn về đăng ký, quản lý và công khai danh sách kiểm toán viên hành nghề kiể"
30402,Chính phủ,CoQuan,content_clean,heuristic,0.8,"BỘ TÀI CHÍNH CỘNG HÒA XÃ HỘI CHỦ NGHĨA VIỆT NAM Độc lập – Tự do – Hạnh phúc Số: 202/2012/TT-BTC Hà Nội, ngày 19 tháng 11 năm 2012 THÔNG TƯ Hướng dẫn về đăng ký, quản lý và công khai danh sách kiểm toán viên hành nghề kiể"
38128,Ngân hàng Nhà nước Việt Nam,CoQuan,content_clean,heuristic,0.75,"NGÂN HÀNG NHÀ NƯỚC VIỆT NAM CỘNG HÒA XÃ HỘI CHỦ NGHĨA VIỆT NAM Độc lập – Tự do – Hạnh phúc Số: 37/2014/TT-NHNN Hà Nội, Ngày 26 tháng 11 năm 2014 THÔNG TƯ Q uy định việc thiết kế mẫu tiền, chế bản và quản lý in, đúc tiền "
38128,Ngân hàng,CoQuan,content_clean,heuristic,0.75,"NGÂN HÀNG NHÀ NƯỚC VIỆT NAM CỘNG HÒA XÃ HỘI CHỦ NGHĨA VIỆT NAM Độc lập – Tự do – Hạnh phúc Số: 37/2014/TT-NHNN Hà Nội, Ngày 26 tháng 11 năm 2014 THÔNG TƯ Q uy định việc thiết kế mẫu tiền, chế bản và quản lý in, đúc tiền "
38128,Đào Minh Tú,NguoiKy,content_clean,heuristic,0.75,"NGÂN HÀNG NHÀ NƯỚC VIỆT NAM CỘNG HÒA XÃ HỘI CHỦ NGHĨA VIỆT NAM Độc lập – Tự do – Hạnh phúc Số: 37/2014/TT-NHNN Hà Nội, Ngày 26 tháng 11 năm 2014 THÔNG TƯ Q uy định việc thiết kế mẫu tiền, chế bản và quản lý in, đúc tiền "
38128,Trung ương,DoiTuongApDung,content_clean,heuristic,0.7,"NGÂN HÀNG NHÀ NƯỚC VIỆT NAM CỘNG HÒA XÃ HỘI CHỦ NGHĨA VIỆT NAM Độc lập – Tự do – Hạnh phúc Số: 37/2014/TT-NHNN Hà Nội, Ngày 26 tháng 11 năm 2014 THÔNG TƯ Q uy định việc thiết kế mẫu tiền, chế bản và quản lý in, đúc tiền "
38128,Tổ chức tín dụng,DoiTuongApDung,content_clean,heuristic,0.7,"NGÂN HÀNG NHÀ NƯỚC VIỆT NAM CỘNG HÒA XÃ HỘI CHỦ NGHĨA VIỆT NAM Độc lập – Tự do – Hạnh phúc Số: 37/2014/TT-NHNN Hà Nội, Ngày 26 tháng 11 năm 2014 THÔNG TƯ Q uy định việc thiết kế mẫu tiền, chế bản và quản lý in, đúc tiền "
38128,Chi nhánh ngân hàng nước ngoài,DoiTuongApDung,content_clean,heuristic,0.7,"NGÂN HÀNG NHÀ NƯỚC VIỆT NAM CỘNG HÒA XÃ HỘI CHỦ NGHĨA VIỆT NAM Độc lập – Tự do – Hạnh phúc Số: 37/2014/TT-NHNN Hà Nội, Ngày 26 tháng 11 năm 2014 THÔNG TƯ Q uy định việc thiết kế mẫu tiền, chế bản và quản lý in, đúc tiền "
38128,Quỹ tín dụng nhân dân,DoiTuongApDung,content_clean,heuristic,0.7,"NGÂN HÀNG NHÀ NƯỚC VIỆT NAM CỘNG HÒA XÃ HỘI CHỦ NGHĨA VIỆT NAM Độc lập – Tự do – Hạnh phúc Số: 37/2014/TT-NHNN Hà Nội, Ngày 26 tháng 11 năm 2014 THÔNG TƯ Q uy định việc thiết kế mẫu tiền, chế bản và quản lý in, đúc tiền "
38128,Phát hành và kho quỹ,LinhVuc,content_clean,heuristic,0.7,"NGÂN HÀNG NHÀ NƯỚC VIỆT NAM CỘNG HÒA XÃ HỘI CHỦ NGHĨA VIỆT NAM Độc lập – Tự do – Hạnh phúc Số: 37/2014/TT-NHNN Hà Nội, Ngày 26 tháng 11 năm 2014 THÔNG TƯ Q uy định việc thiết kế mẫu tiền, chế bản và quản lý in, đúc tiền "
38128,Ngân hàng,LinhVuc,content_clean,heuristic,0.7,"NGÂN HÀNG NHÀ NƯỚC VIỆT NAM CỘNG HÒA XÃ HỘI CHỦ NGHĨA VIỆT NAM Độc lập – Tự do – Hạnh phúc Số: 37/2014/TT-NHNN Hà Nội, Ngày 26 tháng 11 năm 2014 THÔNG TƯ Q uy định việc thiết kế mẫu tiền, chế bản và quản lý in, đúc tiền "
38128,Chính phủ,CoQuan,content_clean,heuristic,0.8,"NGÂN HÀNG NHÀ NƯỚC VIỆT NAM CỘNG HÒA XÃ HỘI CHỦ NGHĨA VIỆT NAM Độc lập – Tự do – Hạnh phúc Số: 37/2014/TT-NHNN Hà Nội, Ngày 26 tháng 11 năm 2014 THÔNG TƯ Q uy định việc thiết kế mẫu tiền, chế bản và quản lý in, đúc tiền "
44209,Ngân hàng Nhà nước Việt Nam,CoQuan,content_clean,heuristic,0.75,"NGÂN HÀNG NHÀ NƯỚC VIỆT NAM ------- CỘNG HÒA XÃ HỘI CHỦ NGHĨA VIỆT NAM Độc lập - Tự do - Hạnh phúc --------------- Số: 01/2014/TT-NHNN Hà Nội, ngày 06 tháng 01 năm 2014 THÔNG TƯ Quy định về giao nhận, bảo quản, vận chuyể"
44209,Ngân hàng,CoQuan,content_clean,heuristic,0.75,"NGÂN HÀNG NHÀ NƯỚC VIỆT NAM ------- CỘNG HÒA XÃ HỘI CHỦ NGHĨA VIỆT NAM Độc lập - Tự do - Hạnh phúc --------------- Số: 01/2014/TT-NHNN Hà Nội, ngày 06 tháng 01 năm 2014 THÔNG TƯ Quy định về giao nhận, bảo quản, vận chuyể"
44209,Đào Minh Tú,NguoiKy,content_clean,heuristic,0.75,"NGÂN HÀNG NHÀ NƯỚC VIỆT NAM ------- CỘNG HÒA XÃ HỘI CHỦ NGHĨA VIỆT NAM Độc lập - Tự do - Hạnh phúc --------------- Số: 01/2014/TT-NHNN Hà Nội, ngày 06 tháng 01 năm 2014 THÔNG TƯ Quy định về giao nhận, bảo quản, vận chuyể"
44209,Trung ương,DoiTuongApDung,content_clean,heuristic,0.7,"NGÂN HÀNG NHÀ NƯỚC VIỆT NAM ------- CỘNG HÒA XÃ HỘI CHỦ NGHĨA VIỆT NAM Độc lập - Tự do - Hạnh phúc --------------- Số: 01/2014/TT-NHNN Hà Nội, ngày 06 tháng 01 năm 2014 THÔNG TƯ Quy định về giao nhận, bảo quản, vận chuyể"
44209,Tổ chức tín dụng,DoiTuongApDung,content_clean,heuristic,0.7,"NGÂN HÀNG NHÀ NƯỚC VIỆT NAM ------- CỘNG HÒA XÃ HỘI CHỦ NGHĨA VIỆT NAM Độc lập - Tự do - Hạnh phúc --------------- Số: 01/2014/TT-NHNN Hà Nội, ngày 06 tháng 01 năm 2014 THÔNG TƯ Quy định về giao nhận, bảo quản, vận chuyể"
44209,Chi nhánh ngân hàng nước ngoài,DoiTuongApDung,content_clean,heuristic,0.7,"NGÂN HÀNG NHÀ NƯỚC VIỆT NAM ------- CỘNG HÒA XÃ HỘI CHỦ NGHĨA VIỆT NAM Độc lập - Tự do - Hạnh phúc --------------- Số: 01/2014/TT-NHNN Hà Nội, ngày 06 tháng 01 năm 2014 THÔNG TƯ Quy định về giao nhận, bảo quản, vận chuyể"
44209,Quỹ tín dụng nhân dân,DoiTuongApDung,content_clean,heuristic,0.7,"NGÂN HÀNG NHÀ NƯỚC VIỆT NAM ------- CỘNG HÒA XÃ HỘI CHỦ NGHĨA VIỆT NAM Độc lập - Tự do - Hạnh phúc --------------- Số: 01/2014/TT-NHNN Hà Nội, ngày 06 tháng 01 năm 2014 THÔNG TƯ Quy định về giao nhận, bảo quản, vận chuyể"
44209,Phát hành và kho quỹ,LinhVuc,content_clean,heuristic,0.7,"NGÂN HÀNG NHÀ NƯỚC VIỆT NAM ------- CỘNG HÒA XÃ HỘI CHỦ NGHĨA VIỆT NAM Độc lập - Tự do - Hạnh phúc --------------- Số: 01/2014/TT-NHNN Hà Nội, ngày 06 tháng 01 năm 2014 THÔNG TƯ Quy định về giao nhận, bảo quản, vận chuyể"
44209,Ngân hàng,LinhVuc,content_clean,heuristic,0.7,"NGÂN HÀNG NHÀ NƯỚC VIỆT NAM ------- CỘNG HÒA XÃ HỘI CHỦ NGHĨA VIỆT NAM Độc lập - Tự do - Hạnh phúc --------------- Số: 01/2014/TT-NHNN Hà Nội, ngày 06 tháng 01 năm 2014 THÔNG TƯ Quy định về giao nhận, bảo quản, vận chuyể"
44209,Chính phủ,CoQuan,content_clean,heuristic,0.8,"NGÂN HÀNG NHÀ NƯỚC VIỆT NAM ------- CỘNG HÒA XÃ HỘI CHỦ NGHĨA VIỆT NAM Độc lập - Tự do - Hạnh phúc --------------- Số: 01/2014/TT-NHNN Hà Nội, ngày 06 tháng 01 năm 2014 THÔNG TƯ Quy định về giao nhận, bảo quản, vận chuyể"
6e689cd0-6f81-11f1-94d6-fd5d6d5ff793,Ngân hàng Nhà nước Việt Nam,CoQuan,content_clean,heuristic,0.75,"CỘNG HÒA XÃ HỘI CHỦ NGHĨA VIỆT NAM Độc lập - Tự do - Hạnh phúc CỘNG HÒA XÃ HỘI CHỦ NGHĨA VIỆT NAM Độc lập - Tự do - Hạnh phúc CỘNG HÒA XÃ HỘI CHỦ NGHĨA VIỆT NAM Độc lập - Tự do - Hạnh phúc THÔNG TƯ Quy định hồ sơ, thủ tụ"
6e689cd0-6f81-11f1-94d6-fd5d6d5ff793,Đoàn Thái Sơn,NguoiKy,content_clean,heuristic,0.75,"CỘNG HÒA XÃ HỘI CHỦ NGHĨA VIỆT NAM Độc lập - Tự do - Hạnh phúc CỘNG HÒA XÃ HỘI CHỦ NGHĨA VIỆT NAM Độc lập - Tự do - Hạnh phúc CỘNG HÒA XÃ HỘI CHỦ NGHĨA VIỆT NAM Độc lập - Tự do - Hạnh phúc THÔNG TƯ Quy định hồ sơ, thủ tụ"
6e689cd0-6f81-11f1-94d6-fd5d6d5ff793,Trung ương,DoiTuongApDung,content_clean,heuristic,0.7,"CỘNG HÒA XÃ HỘI CHỦ NGHĨA VIỆT NAM Độc lập - Tự do - Hạnh phúc CỘNG HÒA XÃ HỘI CHỦ NGHĨA VIỆT NAM Độc lập - Tự do - Hạnh phúc CỘNG HÒA XÃ HỘI CHỦ NGHĨA VIỆT NAM Độc lập - Tự do - Hạnh phúc THÔNG TƯ Quy định hồ sơ, thủ tụ"
6e689cd0-6f81-11f1-94d6-fd5d6d5ff793,Tổ chức tín dụng,DoiTuongApDung,content_clean,heuristic,0.7,"CỘNG HÒA XÃ HỘI CHỦ NGHĨA VIỆT NAM Độc lập - Tự do - Hạnh phúc CỘNG HÒA XÃ HỘI CHỦ NGHĨA VIỆT NAM Độc lập - Tự do - Hạnh phúc CỘNG HÒA XÃ HỘI CHỦ NGHĨA VIỆT NAM Độc lập - Tự do - Hạnh phúc THÔNG TƯ Quy định hồ sơ, thủ tụ"
6e689cd0-6f81-11f1-94d6-fd5d6d5ff793,Chi nhánh ngân hàng nước ngoài,DoiTuongApDung,content_clean,heuristic,0.7,"CỘNG HÒA XÃ HỘI CHỦ NGHĨA VIỆT NAM Độc lập - Tự do - Hạnh phúc CỘNG HÒA XÃ HỘI CHỦ NGHĨA VIỆT NAM Độc lập - Tự do - Hạnh phúc CỘNG HÒA XÃ HỘI CHỦ NGHĨA VIỆT NAM Độc lập - Tự do - Hạnh phúc THÔNG TƯ Quy định hồ sơ, thủ tụ"
6e689cd0-6f81-11f1-94d6-fd5d6d5ff793,Quỹ tín dụng nhân dân,DoiTuongApDung,content_clean,heuristic,0.7,"CỘNG HÒA XÃ HỘI CHỦ NGHĨA VIỆT NAM Độc lập - Tự do - Hạnh phúc CỘNG HÒA XÃ HỘI CHỦ NGHĨA VIỆT NAM Độc lập - Tự do - Hạnh phúc CỘNG HÒA XÃ HỘI CHỦ NGHĨA VIỆT NAM Độc lập - Tự do - Hạnh phúc THÔNG TƯ Quy định hồ sơ, thủ tụ"
6e689cd0-6f81-11f1-94d6-fd5d6d5ff793,Chính phủ,CoQuan,content_clean,heuristic,0.8,"CỘNG HÒA XÃ HỘI CHỦ NGHĨA VIỆT NAM Độc lập - Tự do - Hạnh phúc CỘNG HÒA XÃ HỘI CHỦ NGHĨA VIỆT NAM Độc lập - Tự do - Hạnh phúc CỘNG HÒA XÃ HỘI CHỦ NGHĨA VIỆT NAM Độc lập - Tự do - Hạnh phúc THÔNG TƯ Quy định hồ sơ, thủ tụ"
95652,Chính phủ,CoQuan,content_clean,heuristic,0.75,"CHÍNH PHỦ CỘNG HÒA XÃ HỘI CHỦ NGHĨA VIỆT NAM Độc lập – Tự do – Hạnh phúc Số: 135 /2015/NĐ-CP Hà Nội, ngày 31 tháng 12 năm 2015 NGHỊ ĐỊNH Q uy định về đầu tư gián tiếp ra nước ngoài _____________ Căn cứ Luật Tổ chức Chính"
95652,Ngân hàng,CoQuan,content_clean,heuristic,0.75,"CHÍNH PHỦ CỘNG HÒA XÃ HỘI CHỦ NGHĨA VIỆT NAM Độc lập – Tự do – Hạnh phúc Số: 135 /2015/NĐ-CP Hà Nội, ngày 31 tháng 12 năm 2015 NGHỊ ĐỊNH Q uy định về đầu tư gián tiếp ra nước ngoài _____________ Căn cứ Luật Tổ chức Chính"
95652,Nguyễn Tấn Dũng,NguoiKy,content_clean,heuristic,0.75,"CHÍNH PHỦ CỘNG HÒA XÃ HỘI CHỦ NGHĨA VIỆT NAM Độc lập – Tự do – Hạnh phúc Số: 135 /2015/NĐ-CP Hà Nội, ngày 31 tháng 12 năm 2015 NGHỊ ĐỊNH Q uy định về đầu tư gián tiếp ra nước ngoài _____________ Căn cứ Luật Tổ chức Chính"
95652,Trung ương,DoiTuongApDung,content_clean,heuristic,0.7,"CHÍNH PHỦ CỘNG HÒA XÃ HỘI CHỦ NGHĨA VIỆT NAM Độc lập – Tự do – Hạnh phúc Số: 135 /2015/NĐ-CP Hà Nội, ngày 31 tháng 12 năm 2015 NGHỊ ĐỊNH Q uy định về đầu tư gián tiếp ra nước ngoài _____________ Căn cứ Luật Tổ chức Chính"
95652,Tổ chức tín dụng,DoiTuongApDung,content_clean,heuristic,0.7,"CHÍNH PHỦ CỘNG HÒA XÃ HỘI CHỦ NGHĨA VIỆT NAM Độc lập – Tự do – Hạnh phúc Số: 135 /2015/NĐ-CP Hà Nội, ngày 31 tháng 12 năm 2015 NGHỊ ĐỊNH Q uy định về đầu tư gián tiếp ra nước ngoài _____________ Căn cứ Luật Tổ chức Chính"
95652,Chi nhánh ngân hàng nước ngoài,DoiTuongApDung,content_clean,heuristic,0.7,"CHÍNH PHỦ CỘNG HÒA XÃ HỘI CHỦ NGHĨA VIỆT NAM Độc lập – Tự do – Hạnh phúc Số: 135 /2015/NĐ-CP Hà Nội, ngày 31 tháng 12 năm 2015 NGHỊ ĐỊNH Q uy định về đầu tư gián tiếp ra nước ngoài _____________ Căn cứ Luật Tổ chức Chính"
95652,Quỹ tín dụng nhân dân,DoiTuongApDung,content_clean,heuristic,0.7,"CHÍNH PHỦ CỘNG HÒA XÃ HỘI CHỦ NGHĨA VIỆT NAM Độc lập – Tự do – Hạnh phúc Số: 135 /2015/NĐ-CP Hà Nội, ngày 31 tháng 12 năm 2015 NGHỊ ĐỊNH Q uy định về đầu tư gián tiếp ra nước ngoài _____________ Căn cứ Luật Tổ chức Chính"
95652,Ngân hàng,LinhVuc,content_clean,heuristic,0.7,"CHÍNH PHỦ CỘNG HÒA XÃ HỘI CHỦ NGHĨA VIỆT NAM Độc lập – Tự do – Hạnh phúc Số: 135 /2015/NĐ-CP Hà Nội, ngày 31 tháng 12 năm 2015 NGHỊ ĐỊNH Q uy định về đầu tư gián tiếp ra nước ngoài _____________ Căn cứ Luật Tổ chức Chính"
95652,Ngân hàng Nhà nước Việt Nam,CoQuan,content_clean,heuristic,0.8,"CHÍNH PHỦ CỘNG HÒA XÃ HỘI CHỦ NGHĨA VIỆT NAM Độc lập – Tự do – Hạnh phúc Số: 135 /2015/NĐ-CP Hà Nội, ngày 31 tháng 12 năm 2015 NGHỊ ĐỊNH Q uy định về đầu tư gián tiếp ra nước ngoài _____________ Căn cứ Luật Tổ chức Chính"
95652,Bộ Tài chính,CoQuan,content_clean,heuristic,0.8,"CHÍNH PHỦ CỘNG HÒA XÃ HỘI CHỦ NGHĨA VIỆT NAM Độc lập – Tự do – Hạnh phúc Số: 135 /2015/NĐ-CP Hà Nội, ngày 31 tháng 12 năm 2015 NGHỊ ĐỊNH Q uy định về đầu tư gián tiếp ra nước ngoài _____________ Căn cứ Luật Tổ chức Chính"
95652,Quốc hội,CoQuan,content_clean,heuristic,0.8,"CHÍNH PHỦ CỘNG HÒA XÃ HỘI CHỦ NGHĨA VIỆT NAM Độc lập – Tự do – Hạnh phúc Số: 135 /2015/NĐ-CP Hà Nội, ngày 31 tháng 12 năm 2015 NGHỊ ĐỊNH Q uy định về đầu tư gián tiếp ra nước ngoài _____________ Căn cứ Luật Tổ chức Chính"
f69936f0-6937-11f1-a48d-29bc6b0fd706,Bộ Tài chính,CoQuan,content_clean,heuristic,0.75,CỘNG HÒA XÃ HỘI CHỦ NGHĨA VIỆT NAM Độc lập - Tự do - Hạnh phúc __________________ NGHỊ ĐỊNH [1] Quy định xử phạt vi phạm hành chính trong lĩnh vực chứng khoán và thị trường chứng khoán Nghị định số 156/2020/NĐ-CP ngày 31
f69936f0-6937-11f1-a48d-29bc6b0fd706,Nguyễn Đức Chi,NguoiKy,content_clean,heuristic,0.75,CỘNG HÒA XÃ HỘI CHỦ NGHĨA VIỆT NAM Độc lập - Tự do - Hạnh phúc __________________ NGHỊ ĐỊNH [1] Quy định xử phạt vi phạm hành chính trong lĩnh vực chứng khoán và thị trường chứng khoán Nghị định số 156/2020/NĐ-CP ngày 31
f69936f0-6937-11f1-a48d-29bc6b0fd706,Trung ương,DoiTuongApDung,content_clean,heuristic,0.7,CỘNG HÒA XÃ HỘI CHỦ NGHĨA VIỆT NAM Độc lập - Tự do - Hạnh phúc __________________ NGHỊ ĐỊNH [1] Quy định xử phạt vi phạm hành chính trong lĩnh vực chứng khoán và thị trường chứng khoán Nghị định số 156/2020/NĐ-CP ngày 31
f69936f0-6937-11f1-a48d-29bc6b0fd706,Tổ chức tín dụng,DoiTuongApDung,content_clean,heuristic,0.7,CỘNG HÒA XÃ HỘI CHỦ NGHĨA VIỆT NAM Độc lập - Tự do - Hạnh phúc __________________ NGHỊ ĐỊNH [1] Quy định xử phạt vi phạm hành chính trong lĩnh vực chứng khoán và thị trường chứng khoán Nghị định số 156/2020/NĐ-CP ngày 31
f69936f0-6937-11f1-a48d-29bc6b0fd706,Chi nhánh ngân hàng nước ngoài,DoiTuongApDung,content_clean,heuristic,0.7,CỘNG HÒA XÃ HỘI CHỦ NGHĨA VIỆT NAM Độc lập - Tự do - Hạnh phúc __________________ NGHỊ ĐỊNH [1] Quy định xử phạt vi phạm hành chính trong lĩnh vực chứng khoán và thị trường chứng khoán Nghị định số 156/2020/NĐ-CP ngày 31
f69936f0-6937-11f1-a48d-29bc6b0fd706,Quỹ tín dụng nhân dân,DoiTuongApDung,content_clean,heuristic,0.7,CỘNG HÒA XÃ HỘI CHỦ NGHĨA VIỆT NAM Độc lập - Tự do - Hạnh phúc __________________ NGHỊ ĐỊNH [1] Quy định xử phạt vi phạm hành chính trong lĩnh vực chứng khoán và thị trường chứng khoán Nghị định số 156/2020/NĐ-CP ngày 31
f69936f0-6937-11f1-a48d-29bc6b0fd706,Chính phủ,CoQuan,content_clean,heuristic,0.8,CỘNG HÒA XÃ HỘI CHỦ NGHĨA VIỆT NAM Độc lập - Tự do - Hạnh phúc __________________ NGHỊ ĐỊNH [1] Quy định xử phạt vi phạm hành chính trong lĩnh vực chứng khoán và thị trường chứng khoán Nghị định số 156/2020/NĐ-CP ngày 31
