source_id,source_so_ky_hieu,target_so_ky_hieu,trigger,evidence
112924,105/2016/TT-BTC,28/2005/PL-UBTVQH,Căn cứ,"ật sửa đổi, bổ sung một số điều của Luật Chứng khoán ngày 24 tháng 11 năm 2010; Căn cứ Luật Kinh doanh bảo hiểm ngày 09 tháng 12 năm 2000; Căn cứ Luật sửa đổi, bổ sung một số điều của Luật Kinh doanh bảo hiểm ngày 24 tháng 11 năm 2010; Căn cứ Pháp lệnh Ngoại hối số 28/2005/PL-UBTVQH ngày 13 tháng 12 năm 2"
112924,105/2016/TT-BTC,06/2013/PL-UBTVQH13,Căn cứ,"4 tháng 11 năm 2010; Căn cứ Luật Kinh doanh bảo hiểm ngày 09 tháng 12 năm 2000; Căn cứ Luật sửa đổi, bổ sung một số điều của Luật Kinh doanh bảo hiểm ngày 24 tháng 11 năm 2010; Căn cứ Pháp lệnh Ngoại hối số 28/2005/PL-UBTVQH ngày 13 tháng 12 năm 2005; Căn cứ Pháp lệnh số 06/2013/PL-UBTVQH13 ngày 18 tháng "
112924,105/2016/TT-BTC,28/2005/PL-UBTVQH,"Sửa đổi, bổ sung","ăm 2010; Căn cứ Luật Kinh doanh bảo hiểm ngày 09 tháng 12 năm 2000; Căn cứ Luật sửa đổi, bổ sung một số điều của Luật Kinh doanh bảo hiểm ngày 24 tháng 11 năm 2010; Căn cứ Pháp lệnh Ngoại hối số 28/2005/PL-UBTVQH ngày 13 tháng 12 năm 2005; Căn cứ Pháp lệnh số 06/2013/PL-UBTVQH13 ngày 18 tháng 03 năm 2013 sửa đổi, b"
112924,105/2016/TT-BTC,06/2013/PL-UBTVQH13,"Sửa đổi, bổ sung","ăm 2010; Căn cứ Luật Kinh doanh bảo hiểm ngày 09 tháng 12 năm 2000; Căn cứ Luật sửa đổi, bổ sung một số điều của Luật Kinh doanh bảo hiểm ngày 24 tháng 11 năm 2010; Căn cứ Pháp lệnh Ngoại hối số 28/2005/PL-UBTVQH ngày 13 tháng 12 năm 2005; Căn cứ Pháp lệnh số 06/2013/PL-UBTVQH13 ngày 18 tháng 03 năm 2013 sửa đổi, b"
112924,105/2016/TT-BTC,28/2005/PL-UBTVQH,"sửa đổi, bổ sung","ăm 2010; Căn cứ Luật Kinh doanh bảo hiểm ngày 09 tháng 12 năm 2000; Căn cứ Luật sửa đổi, bổ sung một số điều của Luật Kinh doanh bảo hiểm ngày 24 tháng 11 năm 2010; Căn cứ Pháp lệnh Ngoại hối số 28/2005/PL-UBTVQH ngày 13 tháng 12 năm 2005; Căn cứ Pháp lệnh số 06/2013/PL-UBTVQH13 ngày 18 tháng 03 năm 2013 sửa đổi, b"
112924,105/2016/TT-BTC,06/2013/PL-UBTVQH13,"sửa đổi, bổ sung","ăm 2010; Căn cứ Luật Kinh doanh bảo hiểm ngày 09 tháng 12 năm 2000; Căn cứ Luật sửa đổi, bổ sung một số điều của Luật Kinh doanh bảo hiểm ngày 24 tháng 11 năm 2010; Căn cứ Pháp lệnh Ngoại hối số 28/2005/PL-UBTVQH ngày 13 tháng 12 năm 2005; Căn cứ Pháp lệnh số 06/2013/PL-UBTVQH13 ngày 18 tháng 03 năm 2013 sửa đổi, b"
112924,105/2016/TT-BTC,28/2005/PL-UBTVQH,reference,"BỘ TÀI CHÍNH CỘNG HÒA XÃ HỘI CHỦ NGHĨA VIỆT NAM Độc lập – Tự do – Hạnh phúc Số: 105/2016/TT-BTC Hà Nội, ngày 29 tháng 06 năm 2016 THÔNG TƯ HƯỚNG DẪN HOẠT ĐỘNG ĐẦU TƯ GIÁN TIẾP RA NƯỚC NGOÀI CỦA TỔ CHỨC KINH DOANH CHỨNG K"
112924,105/2016/TT-BTC,06/2013/PL-UBTVQH13,reference,"BỘ TÀI CHÍNH CỘNG HÒA XÃ HỘI CHỦ NGHĨA VIỆT NAM Độc lập – Tự do – Hạnh phúc Số: 105/2016/TT-BTC Hà Nội, ngày 29 tháng 06 năm 2016 THÔNG TƯ HƯỚNG DẪN HOẠT ĐỘNG ĐẦU TƯ GIÁN TIẾP RA NƯỚC NGOÀI CỦA TỔ CHỨC KINH DOANH CHỨNG K"
117310,41/2016/TT-NHNN,46/2010/QH12,Căn cứ,"TƯ Quy định tỷ lệ an toàn vốn đối với ngân hàng, chi nhánh ngân hàng nước ngoài Căn cứ Luật Ngân hàng Nhà nước Việt Nam số 46/2010/QH12 ngày 16 tháng 6 năm 2010; Căn cứ Luật các tổ chức tín dụng số 47/2010/QH12 ngày 16 tháng 6 năm 2010; Căn cứ Nghị định số 156/2013/NĐ-CP ngày 11 tháng 11 năm 2013 của Chín"
117310,41/2016/TT-NHNN,47/2010/QH12,Căn cứ,"TƯ Quy định tỷ lệ an toàn vốn đối với ngân hàng, chi nhánh ngân hàng nước ngoài Căn cứ Luật Ngân hàng Nhà nước Việt Nam số 46/2010/QH12 ngày 16 tháng 6 năm 2010; Căn cứ Luật các tổ chức tín dụng số 47/2010/QH12 ngày 16 tháng 6 năm 2010; Căn cứ Nghị định số 156/2013/NĐ-CP ngày 11 tháng 11 năm 2013 của Chín"
117310,41/2016/TT-NHNN,46/2010/QH12,reference,"NGÂN HÀNG NHÀ NƯỚC VIỆT NAM CỘNG HÒA XÃ HỘI CHỦ NGHĨA VIỆT NAM Độc lập – Tự do – Hạnh phúc Số: 41/2016/TT-NHNN Hà Nội, Ngày 30 tháng 12 năm 2016 THÔNG TƯ Quy định tỷ lệ an toàn vốn đối với ngân hàng, chi nhánh ngân hàng "
117310,41/2016/TT-NHNN,47/2010/QH12,reference,"NGÂN HÀNG NHÀ NƯỚC VIỆT NAM CỘNG HÒA XÃ HỘI CHỦ NGHĨA VIỆT NAM Độc lập – Tự do – Hạnh phúc Số: 41/2016/TT-NHNN Hà Nội, Ngày 30 tháng 12 năm 2016 THÔNG TƯ Quy định tỷ lệ an toàn vốn đối với ngân hàng, chi nhánh ngân hàng "
143217,66/2020/TT-BTC,88/2015/QH,Căn cứ,2020 THÔNG TƯ Ban hành Quy chế mẫu về kiểm toán nội bộ áp dụng cho doanh nghiệp Căn cứ Luật kế toán số 88/2015/QH 13 ngày 20 tháng 11 năm 2015; Căn cứ Nghị định số 05/2019/NĐ-CP ngày 22 thảng 01 năm 2019 của Chính phủ về kiếm toán nội bộ; Căn cứ Nghị định số 87/2017/NĐ-CP ngày 26 tháng 7 năm 2017 của Chín
143217,66/2020/TT-BTC,88/2015/QH,reference,"BỘ TÀI CHÍNH Số: 66/2020/TT-BTC BỘ TÀI CHÍNH Số: 66/2020/TT-BTC CỘNG HÒA XÃ HỘI CHỦ NGHĨA VIỆT NAM Độc lập - Tự do - Hạnh phúc Hà Nội, ngày 10 tháng 7 năm 2020 THÔNG TƯ Ban hành Quy chế mẫu về kiểm toán nội bộ áp dụng ch"
150974,08/2021/TT-BTC,88/2015/QH13,Căn cứ,nghiệp kiểm toán nội bộ ̅ ̅ ̅ ̅ ̅ ̅ ̅ ̅ ̅ ̅ ̅ ̅ ̅ ̅ ̅ ̅ ̅ ̅ ̅ ̅ ̅ ̅ ̅ ̅ ̅ ̅ ̅ ̅ Căn cứ Luật kế toán số 88/2015/QH13 ngày 20 tháng 11 năm 2015; Căn cứ Nghị định 05/2019/NĐ-CP ngày 22 tháng 01 năm 2019 của Chính phủ về kiểm toán nội bộ; Căn cứ Nghị định số 87/2017/NĐ-CP ngày 26 tháng 7 năm 2017 của Chính ph
150974,08/2021/TT-BTC,8/2021/TT-BTC,reference,"BỘ TÀI CHÍNH CỘNG HOÀ XÃ HỘI CHỦ NGHĨA VIỆT NAM Độc lập - Tự do - Hạnh phúc Số: 8/2021/TT-BTC Hà Nội, ngày 25 tháng 01 năm 2021 THÔNG TƯ Ban hành chuẩn mực kiểm toán nội bộ Việt Nam và các nguyên tắc đạo đức nghề nghiệp "
150974,08/2021/TT-BTC,88/2015/QH13,reference,"BỘ TÀI CHÍNH CỘNG HOÀ XÃ HỘI CHỦ NGHĨA VIỆT NAM Độc lập - Tự do - Hạnh phúc Số: 8/2021/TT-BTC Hà Nội, ngày 25 tháng 01 năm 2021 THÔNG TƯ Ban hành chuẩn mực kiểm toán nội bộ Việt Nam và các nguyên tắc đạo đức nghề nghiệp "
163441,46/2023/NĐ-CP,08/2022/QH15,Căn cứ, ĐỀ NGHỊ CẤP GIẤY PHÉP THÀNH LẬP VÀ HOẠT ĐỘNG Kính gửi: Bộ trưởng Bộ Tài chính. Căn cứ Luật Kinh doanh bảo hiểm số 08/2022/QH15 ngày 16/6/2022 và các văn bản hướng dẫn thi hành; Chúng tôi (sau đây gọi là chủ đầu tư) đề nghị Bộ Tài chính cấp Giấy phép thành lập và hoạt động cho (tên doanh nghiệp bảo hiểm/c
163441,46/2023/NĐ-CP,16/2022/QH15,Căn cứ," ... / GPĐC... / VPĐD Hà Nội, ngày ... tháng ... năm ... BỘ TRƯỞNG BỘ TÀI CHÍNH Căn cứ Luật Kinh doanh bảo hiểm số 16/2022/QH15 ngày 16/6/2022; Căn cứ Nghị định số 14/2023/NĐ-CP ngày 20/4/2023 của Chính phủ quy định chức năng, nhiệm vụ, quyền hạn và cơ cấu tổ chức của Bộ Tài chính; Căn cứ Nghị định 46/202"
163441,46/2023/NĐ-CP,08/2022/QH15,reference,"CHÍNH PHỦ _________ CỘNG HOÀ XÃ HỘI CHỦ NGHĨA VIỆT NAM Độc lập - Tự do - Hạnh phúc _________________ Số: 46/2023/NĐ-CP Hà Nội, ngày 01 tháng 7 năm 2023 NGHỊ ĐỊNH Quy định chi tiết thi hành một số điều của Luật Kinh doanh"
163441,46/2023/NĐ-CP,16/2022/QH15,reference,"CHÍNH PHỦ _________ CỘNG HOÀ XÃ HỘI CHỦ NGHĨA VIỆT NAM Độc lập - Tự do - Hạnh phúc _________________ Số: 46/2023/NĐ-CP Hà Nội, ngày 01 tháng 7 năm 2023 NGHỊ ĐỊNH Quy định chi tiết thi hành một số điều của Luật Kinh doanh"
164719,22/2023/TT-NHNN,41/2016/TT-NHNN,"Sửa đổi, bổ sung","ự do – Hạnh phúc Số: 22/2023/TT-NHNN Hà Nội, ngày 29 tháng 12 năm 2023 THÔNG TƯ Sửa đổi, bổ sung một số điều của Thông tư số 41/2016/TT-NHNN ngày 30 tháng 12 năm 2016 của Thống đốc Ngân hàng Nhà nước Việt Nam quy định tỷ lệ an toàn vốn đối với ngân hàng, chi nhánh ngân hàng nước ngoài Căn cứ Luật Ngân hàng Nhà nước"
164719,22/2023/TT-NHNN,41/2016/TT-NHNN,"sửa đổi, bổ sung","ự do – Hạnh phúc Số: 22/2023/TT-NHNN Hà Nội, ngày 29 tháng 12 năm 2023 THÔNG TƯ Sửa đổi, bổ sung một số điều của Thông tư số 41/2016/TT-NHNN ngày 30 tháng 12 năm 2016 của Thống đốc Ngân hàng Nhà nước Việt Nam quy định tỷ lệ an toàn vốn đối với ngân hàng, chi nhánh ngân hàng nước ngoài Căn cứ Luật Ngân hàng Nhà nước"
164719,22/2023/TT-NHNN,41/2016/TT-NHNN,thay thế,"đốc Ngân hàng Nhà nước trong việc chấp hành quy định tại Thông tư này."" Điều 2. Thay thế Phụ lục 01, Phụ lục 02, Phụ lục 03, Phụ lục 04 và Phụ lục 06 của Thông tư số 41/2016/TT-NHNN bằng Phụ lục 01, Phụ lục 02, Phụ lục 03, Phụ lục 04 và Phụ lục 06 ban hành kèm theo Thông tư này. Điều 3. Trách nhiệm tổ chức "
164719,22/2023/TT-NHNN,41/2016/TT-NHNN,reference,"NGÂN HÀNG NHÀ NƯỚC VIỆT NAM CỘNG HÒA XÃ HỘI CHỦ NGHĨA VIỆT NAM Độc lập – Tự do – Hạnh phúc Số: 22/2023/TT-NHNN Hà Nội, ngày 29 tháng 12 năm 2023 THÔNG TƯ Sửa đổi, bổ sung một số điều của Thông tư số 41/2016/TT-NHNN ngày "
166170,32/2024/QH15,47/2010/QH12,"Sửa đổi, bổ sung","ngày 01 tháng 01 năm 2025. 3. Luật Các tổ chức tín dụng số 47/2010/QH12 đã được sửa đổi, bổ sung một số điều theo Luật số 17/2017/QH14 hết hiệu lực kể từ ngày Luật này có hiệu lực thi hành, trừ quy định tại các khoản 1, 2, 3, 4, 8, 9, 12 và 14 Điều 210 của Luật này. Điều 210. Quy định chuyển tiếp 1. Tổ chức tín dụn"
166170,32/2024/QH15,17/2017/QH14,"Sửa đổi, bổ sung","ngày 01 tháng 01 năm 2025. 3. Luật Các tổ chức tín dụng số 47/2010/QH12 đã được sửa đổi, bổ sung một số điều theo Luật số 17/2017/QH14 hết hiệu lực kể từ ngày Luật này có hiệu lực thi hành, trừ quy định tại các khoản 1, 2, 3, 4, 8, 9, 12 và 14 Điều 210 của Luật này. Điều 210. Quy định chuyển tiếp 1. Tổ chức tín dụn"
166170,32/2024/QH15,47/2010/QH12,"sửa đổi, bổ sung","ngày 01 tháng 01 năm 2025. 3. Luật Các tổ chức tín dụng số 47/2010/QH12 đã được sửa đổi, bổ sung một số điều theo Luật số 17/2017/QH14 hết hiệu lực kể từ ngày Luật này có hiệu lực thi hành, trừ quy định tại các khoản 1, 2, 3, 4, 8, 9, 12 và 14 Điều 210 của Luật này. Điều 210. Quy định chuyển tiếp 1. Tổ chức tín dụn"
166170,32/2024/QH15,17/2017/QH14,"sửa đổi, bổ sung","ngày 01 tháng 01 năm 2025. 3. Luật Các tổ chức tín dụng số 47/2010/QH12 đã được sửa đổi, bổ sung một số điều theo Luật số 17/2017/QH14 hết hiệu lực kể từ ngày Luật này có hiệu lực thi hành, trừ quy định tại các khoản 1, 2, 3, 4, 8, 9, 12 và 14 Điều 210 của Luật này. Điều 210. Quy định chuyển tiếp 1. Tổ chức tín dụn"
166170,32/2024/QH15,47/2010/QH12,reference,QUỐC HỘI CỘNG HÒA XÃ HỘI CHỦ NGHĨA VIỆT NAM Độc lập - Tự do - Hạnh phúc Luật số: 32/2024/QH15 LUẬT CÁC TỔ CHỨC TÍN DỤNG Căn cứ Hiến pháp nước Cộng hòa xã hội chủ nghĩa Việt Nam; Quốc hội ban hành Luật Các tổ chức tín dụn
166170,32/2024/QH15,17/2017/QH14,reference,QUỐC HỘI CỘNG HÒA XÃ HỘI CHỦ NGHĨA VIỆT NAM Độc lập - Tự do - Hạnh phúc Luật số: 32/2024/QH15 LUẬT CÁC TỔ CHỨC TÍN DỤNG Căn cứ Hiến pháp nước Cộng hòa xã hội chủ nghĩa Việt Nam; Quốc hội ban hành Luật Các tổ chức tín dụn
166170,32/2024/QH15,42/2017/QH14,reference,QUỐC HỘI CỘNG HÒA XÃ HỘI CHỦ NGHĨA VIỆT NAM Độc lập - Tự do - Hạnh phúc Luật số: 32/2024/QH15 LUẬT CÁC TỔ CHỨC TÍN DỤNG Căn cứ Hiến pháp nước Cộng hòa xã hội chủ nghĩa Việt Nam; Quốc hội ban hành Luật Các tổ chức tín dụn
166170,32/2024/QH15,29/2023/QH15,reference,QUỐC HỘI CỘNG HÒA XÃ HỘI CHỦ NGHĨA VIỆT NAM Độc lập - Tự do - Hạnh phúc Luật số: 32/2024/QH15 LUẬT CÁC TỔ CHỨC TÍN DỤNG Căn cứ Hiến pháp nước Cộng hòa xã hội chủ nghĩa Việt Nam; Quốc hội ban hành Luật Các tổ chức tín dụn
166269,17/2023/QH15,23/2012/QH13,reference,QUỐC HỘI CỘNG HÒA XÃ HỘI CHỦ NGHĨA VIỆT NAM Độc lập – Tự do – Hạnh phúc Số: 17/2023/QH15 Ngày 20 tháng 6 năm 2023 LUẬT HỢP TÁC XÃ ____________ Căn cứ Hiến pháp nước Cộng hòa xã hội chủ nghĩa Việt Nam; Quốc hội ban hành L
168220,27/2024/TT-NHNN,09/2016/TT-NHNN,"Sửa đổi, bổ sung","ề ngân hàng hợp tác xã; b) Thông tư số 09/2016/TT-NHNN ngày 17 tháng 6 năm 2016 sửa đổi, bổ sung một số điều của Thông tư số 31/2012/TT-NHNN ngày 26/11/2012 của Thống đốc Ngân hàng Nhà nước quy định về ngân hàng hợp tác xã; c) Thông tư số 03/2014/TT-NHNN ngày 23 tháng 01 năm 2014 của Thống đốc Ngân hàng Nhà nước qu"
168220,27/2024/TT-NHNN,31/2012/TT-NHNN,"Sửa đổi, bổ sung","ề ngân hàng hợp tác xã; b) Thông tư số 09/2016/TT-NHNN ngày 17 tháng 6 năm 2016 sửa đổi, bổ sung một số điều của Thông tư số 31/2012/TT-NHNN ngày 26/11/2012 của Thống đốc Ngân hàng Nhà nước quy định về ngân hàng hợp tác xã; c) Thông tư số 03/2014/TT-NHNN ngày 23 tháng 01 năm 2014 của Thống đốc Ngân hàng Nhà nước qu"
168220,27/2024/TT-NHNN,03/2014/TT-NHNN,"Sửa đổi, bổ sung","ề ngân hàng hợp tác xã; b) Thông tư số 09/2016/TT-NHNN ngày 17 tháng 6 năm 2016 sửa đổi, bổ sung một số điều của Thông tư số 31/2012/TT-NHNN ngày 26/11/2012 của Thống đốc Ngân hàng Nhà nước quy định về ngân hàng hợp tác xã; c) Thông tư số 03/2014/TT-NHNN ngày 23 tháng 01 năm 2014 của Thống đốc Ngân hàng Nhà nước qu"
168220,27/2024/TT-NHNN,21/2019/TT-NHNN,"Sửa đổi, bổ sung"," dân; d) Điều 1 và Điều 5 Thông tư số 21/2019/TT-NHNN ngày 14 tháng 11 năm 2019 sửa đổi, bổ sung một số điều của các Thông tư quy định về ngân hàng hợp tác xã, quỹ tín dụng nhân dân và quỹ bảo đảm an toàn hệ thống quỹ tín dụng nhân dân; đ) Điều 1 Thông tư số 24/2023/TT-NHNN ngày 30 tháng 12 năm 2023 sửa đổi, bổ sun"
168220,27/2024/TT-NHNN,24/2023/TT-NHNN,"Sửa đổi, bổ sung"," dân; d) Điều 1 và Điều 5 Thông tư số 21/2019/TT-NHNN ngày 14 tháng 11 năm 2019 sửa đổi, bổ sung một số điều của các Thông tư quy định về ngân hàng hợp tác xã, quỹ tín dụng nhân dân và quỹ bảo đảm an toàn hệ thống quỹ tín dụng nhân dân; đ) Điều 1 Thông tư số 24/2023/TT-NHNN ngày 30 tháng 12 năm 2023 sửa đổi, bổ sun"
168220,27/2024/TT-NHNN,21/2023/TT-NHNN,"Sửa đổi, bổ sung"," dụng nhân dân; đ) Điều 1 Thông tư số 24/2023/TT-NHNN ngày 30 tháng 12 năm 2023 sửa đổi, bổ sung một số điều của các Thông tư liên quan đến việc nộp, xuất trình, cung cấp thông tin, giấy tờ về dân cư khi thực hiện thủ tục hành chính trong lĩnh vực thành lập và hoạt động ngân hàng. đ) Điều 2 Thông tư 21/2023/TT-NHNN"
168220,27/2024/TT-NHNN,09/2016/TT-NHNN,"sửa đổi, bổ sung","ề ngân hàng hợp tác xã; b) Thông tư số 09/2016/TT-NHNN ngày 17 tháng 6 năm 2016 sửa đổi, bổ sung một số điều của Thông tư số 31/2012/TT-NHNN ngày 26/11/2012 của Thống đốc Ngân hàng Nhà nước quy định về ngân hàng hợp tác xã; c) Thông tư số 03/2014/TT-NHNN ngày 23 tháng 01 năm 2014 của Thống đốc Ngân hàng Nhà nước qu"
168220,27/2024/TT-NHNN,31/2012/TT-NHNN,"sửa đổi, bổ sung","ề ngân hàng hợp tác xã; b) Thông tư số 09/2016/TT-NHNN ngày 17 tháng 6 năm 2016 sửa đổi, bổ sung một số điều của Thông tư số 31/2012/TT-NHNN ngày 26/11/2012 của Thống đốc Ngân hàng Nhà nước quy định về ngân hàng hợp tác xã; c) Thông tư số 03/2014/TT-NHNN ngày 23 tháng 01 năm 2014 của Thống đốc Ngân hàng Nhà nước qu"
168220,27/2024/TT-NHNN,03/2014/TT-NHNN,"sửa đổi, bổ sung","ề ngân hàng hợp tác xã; b) Thông tư số 09/2016/TT-NHNN ngày 17 tháng 6 năm 2016 sửa đổi, bổ sung một số điều của Thông tư số 31/2012/TT-NHNN ngày 26/11/2012 của Thống đốc Ngân hàng Nhà nước quy định về ngân hàng hợp tác xã; c) Thông tư số 03/2014/TT-NHNN ngày 23 tháng 01 năm 2014 của Thống đốc Ngân hàng Nhà nước qu"
168220,27/2024/TT-NHNN,21/2019/TT-NHNN,"sửa đổi, bổ sung"," dân; d) Điều 1 và Điều 5 Thông tư số 21/2019/TT-NHNN ngày 14 tháng 11 năm 2019 sửa đổi, bổ sung một số điều của các Thông tư quy định về ngân hàng hợp tác xã, quỹ tín dụng nhân dân và quỹ bảo đảm an toàn hệ thống quỹ tín dụng nhân dân; đ) Điều 1 Thông tư số 24/2023/TT-NHNN ngày 30 tháng 12 năm 2023 sửa đổi, bổ sun"
168220,27/2024/TT-NHNN,24/2023/TT-NHNN,"sửa đổi, bổ sung"," dân; d) Điều 1 và Điều 5 Thông tư số 21/2019/TT-NHNN ngày 14 tháng 11 năm 2019 sửa đổi, bổ sung một số điều của các Thông tư quy định về ngân hàng hợp tác xã, quỹ tín dụng nhân dân và quỹ bảo đảm an toàn hệ thống quỹ tín dụng nhân dân; đ) Điều 1 Thông tư số 24/2023/TT-NHNN ngày 30 tháng 12 năm 2023 sửa đổi, bổ sun"
168220,27/2024/TT-NHNN,21/2023/TT-NHNN,"sửa đổi, bổ sung"," dụng nhân dân; đ) Điều 1 Thông tư số 24/2023/TT-NHNN ngày 30 tháng 12 năm 2023 sửa đổi, bổ sung một số điều của các Thông tư liên quan đến việc nộp, xuất trình, cung cấp thông tin, giấy tờ về dân cư khi thực hiện thủ tục hành chính trong lĩnh vực thành lập và hoạt động ngân hàng. đ) Điều 2 Thông tư 21/2023/TT-NHNN"
168220,27/2024/TT-NHNN,31/2012/TT-NHNN,bãi bỏ,"i hành 1. Thông tư này có hiệu lực từ ngày 01 tháng 7 năm 2024. 2. Thông tư này bãi bỏ: a) Thông tư số 31/2012/TT-NHNN ngày 26 tháng 11 năm 2012 của Thống đốc Ngân hàng Nhà nước quy định về ngân hàng hợp tác xã; b) Thông tư số 09/2016/TT-NHNN ngày 17 tháng 6 năm 2016 sửa đổi, bổ sung một số điều của Thông"
168220,27/2024/TT-NHNN,09/2016/TT-NHNN,bãi bỏ,"i hành 1. Thông tư này có hiệu lực từ ngày 01 tháng 7 năm 2024. 2. Thông tư này bãi bỏ: a) Thông tư số 31/2012/TT-NHNN ngày 26 tháng 11 năm 2012 của Thống đốc Ngân hàng Nhà nước quy định về ngân hàng hợp tác xã; b) Thông tư số 09/2016/TT-NHNN ngày 17 tháng 6 năm 2016 sửa đổi, bổ sung một số điều của Thông"
168220,27/2024/TT-NHNN,31/2012/TT-NHNN,reference,"NGÂN HÀNG NHÀ NƯỚC VIỆT NAM --------- CỘNG HÒA XÃ HỘI CHỦ NGHĨA VIỆT NAM Độc lập - Tự do - Hạnh phúc ---------------------------- Số: 27 /2024/TT-NHNN Hà Nội, ngày 28 tháng 6 năm 2024 THÔNG TƯ Quy định về ngân hàng hợp t"
168220,27/2024/TT-NHNN,09/2016/TT-NHNN,reference,"NGÂN HÀNG NHÀ NƯỚC VIỆT NAM --------- CỘNG HÒA XÃ HỘI CHỦ NGHĨA VIỆT NAM Độc lập - Tự do - Hạnh phúc ---------------------------- Số: 27 /2024/TT-NHNN Hà Nội, ngày 28 tháng 6 năm 2024 THÔNG TƯ Quy định về ngân hàng hợp t"
168220,27/2024/TT-NHNN,03/2014/TT-NHNN,reference,"NGÂN HÀNG NHÀ NƯỚC VIỆT NAM --------- CỘNG HÒA XÃ HỘI CHỦ NGHĨA VIỆT NAM Độc lập - Tự do - Hạnh phúc ---------------------------- Số: 27 /2024/TT-NHNN Hà Nội, ngày 28 tháng 6 năm 2024 THÔNG TƯ Quy định về ngân hàng hợp t"
168220,27/2024/TT-NHNN,21/2019/TT-NHNN,reference,"NGÂN HÀNG NHÀ NƯỚC VIỆT NAM --------- CỘNG HÒA XÃ HỘI CHỦ NGHĨA VIỆT NAM Độc lập - Tự do - Hạnh phúc ---------------------------- Số: 27 /2024/TT-NHNN Hà Nội, ngày 28 tháng 6 năm 2024 THÔNG TƯ Quy định về ngân hàng hợp t"
168220,27/2024/TT-NHNN,24/2023/TT-NHNN,reference,"NGÂN HÀNG NHÀ NƯỚC VIỆT NAM --------- CỘNG HÒA XÃ HỘI CHỦ NGHĨA VIỆT NAM Độc lập - Tự do - Hạnh phúc ---------------------------- Số: 27 /2024/TT-NHNN Hà Nội, ngày 28 tháng 6 năm 2024 THÔNG TƯ Quy định về ngân hàng hợp t"
168220,27/2024/TT-NHNN,21/2023/TT-NHNN,reference,"NGÂN HÀNG NHÀ NƯỚC VIỆT NAM --------- CỘNG HÒA XÃ HỘI CHỦ NGHĨA VIỆT NAM Độc lập - Tự do - Hạnh phúc ---------------------------- Số: 27 /2024/TT-NHNN Hà Nội, ngày 28 tháng 6 năm 2024 THÔNG TƯ Quy định về ngân hàng hợp t"
168859,29/2024/TT-NHNN,06/2007/TT-NHNN,"Sửa đổi, bổ sung","ư số 06/2007/TT-NHNN ngày 06 tháng 11 năm 2007 của Thống đốc Ngân hàng Nhà nước sửa đổi, bổ sung Thông tư số 08/2005/TT-NHNN ngày 30 tháng 12 năm 2005 của Ngân hàng Nhà nước hướng dẫn thực hiện Nghị định số 48/2001/NĐ-CP ngày 13/8/2001 về tổ chức và hoạt động của quỹ tín dụng nhân dân và Nghị định số 69/2005/NĐ-CP "
168859,29/2024/TT-NHNN,08/2005/TT-NHNN,"Sửa đổi, bổ sung","ư số 06/2007/TT-NHNN ngày 06 tháng 11 năm 2007 của Thống đốc Ngân hàng Nhà nước sửa đổi, bổ sung Thông tư số 08/2005/TT-NHNN ngày 30 tháng 12 năm 2005 của Ngân hàng Nhà nước hướng dẫn thực hiện Nghị định số 48/2001/NĐ-CP ngày 13/8/2001 về tổ chức và hoạt động của quỹ tín dụng nhân dân và Nghị định số 69/2005/NĐ-CP "
168859,29/2024/TT-NHNN,06/2017/TT-NHNN,"Sửa đổi, bổ sung","nhân dân; b) Thông tư số 06/2017/TT-NHNN ngày 05/7/2017 của Thống đốc Ngân hàng sửa đổi, bổ sung một số điều của Thông tư số 03/2014/TT-NHNN ngày 23/01/2014 của Thống đốc Ngân hàng Nhà nước quy định về quỹ bảo đảm an toàn hệ thống quỹ tín dụng nhân dân và Thông tư số 04/2015/TT-NHNN ngày 31/03/2015 của Thống đốc Ng"
168859,29/2024/TT-NHNN,03/2014/TT-NHNN,"Sửa đổi, bổ sung","nhân dân; b) Thông tư số 06/2017/TT-NHNN ngày 05/7/2017 của Thống đốc Ngân hàng sửa đổi, bổ sung một số điều của Thông tư số 03/2014/TT-NHNN ngày 23/01/2014 của Thống đốc Ngân hàng Nhà nước quy định về quỹ bảo đảm an toàn hệ thống quỹ tín dụng nhân dân và Thông tư số 04/2015/TT-NHNN ngày 31/03/2015 của Thống đốc Ng"
168859,29/2024/TT-NHNN,04/2015/TT-NHNN,"Sửa đổi, bổ sung","nhân dân; b) Thông tư số 06/2017/TT-NHNN ngày 05/7/2017 của Thống đốc Ngân hàng sửa đổi, bổ sung một số điều của Thông tư số 03/2014/TT-NHNN ngày 23/01/2014 của Thống đốc Ngân hàng Nhà nước quy định về quỹ bảo đảm an toàn hệ thống quỹ tín dụng nhân dân và Thông tư số 04/2015/TT-NHNN ngày 31/03/2015 của Thống đốc Ng"
168859,29/2024/TT-NHNN,21/2019/TT-NHNN,"Sửa đổi, bổ sung","iều 6 Thông tư 21/2019/TT-NHNN ngày 14/11/2019 của Thống đốc Ngân hàng Nhà nước sửa đổi, bổ sung một số điều của các Thông tư quy định về ngân hàng hợp tác xã, quỹ tín dụng nhân dân và quỹ bảo đảm an toàn hệ thống quỹ tín dụng nhân dân; d) Thông tư số 01/2023/TT-NHNN ngày 01/3/2023 của Thống đốc Ngân hàng Nhà nước "
168859,29/2024/TT-NHNN,01/2023/TT-NHNN,"Sửa đổi, bổ sung","iều 6 Thông tư 21/2019/TT-NHNN ngày 14/11/2019 của Thống đốc Ngân hàng Nhà nước sửa đổi, bổ sung một số điều của các Thông tư quy định về ngân hàng hợp tác xã, quỹ tín dụng nhân dân và quỹ bảo đảm an toàn hệ thống quỹ tín dụng nhân dân; d) Thông tư số 01/2023/TT-NHNN ngày 01/3/2023 của Thống đốc Ngân hàng Nhà nước "
168859,29/2024/TT-NHNN,24/2023/TT,"Sửa đổi, bổ sung"," d) Thông tư số 01/2023/TT-NHNN ngày 01/3/2023 của Thống đốc Ngân hàng Nhà nước sửa đổi, bổ sung một số điều của Thông tư số 04/2015/TT-NHNN ngày 31/3/2015 của Thống đốc Ngân hàng Nhà nước Việt Nam quy định về quỹ tín dụng nhân dân; đ) Điều 2 Thông tư số 24/2023/TT- NHNN ngày 29/12/2023 của Thống đốc Ngân hàng Nhà "
168859,29/2024/TT-NHNN,06/2007/TT-NHNN,"sửa đổi, bổ sung","ư số 06/2007/TT-NHNN ngày 06 tháng 11 năm 2007 của Thống đốc Ngân hàng Nhà nước sửa đổi, bổ sung Thông tư số 08/2005/TT-NHNN ngày 30 tháng 12 năm 2005 của Ngân hàng Nhà nước hướng dẫn thực hiện Nghị định số 48/2001/NĐ-CP ngày 13/8/2001 về tổ chức và hoạt động của quỹ tín dụng nhân dân và Nghị định số 69/2005/NĐ-CP "
168859,29/2024/TT-NHNN,08/2005/TT-NHNN,"sửa đổi, bổ sung","ư số 06/2007/TT-NHNN ngày 06 tháng 11 năm 2007 của Thống đốc Ngân hàng Nhà nước sửa đổi, bổ sung Thông tư số 08/2005/TT-NHNN ngày 30 tháng 12 năm 2005 của Ngân hàng Nhà nước hướng dẫn thực hiện Nghị định số 48/2001/NĐ-CP ngày 13/8/2001 về tổ chức và hoạt động của quỹ tín dụng nhân dân và Nghị định số 69/2005/NĐ-CP "
168859,29/2024/TT-NHNN,06/2017/TT-NHNN,"sửa đổi, bổ sung","nhân dân; b) Thông tư số 06/2017/TT-NHNN ngày 05/7/2017 của Thống đốc Ngân hàng sửa đổi, bổ sung một số điều của Thông tư số 03/2014/TT-NHNN ngày 23/01/2014 của Thống đốc Ngân hàng Nhà nước quy định về quỹ bảo đảm an toàn hệ thống quỹ tín dụng nhân dân và Thông tư số 04/2015/TT-NHNN ngày 31/03/2015 của Thống đốc Ng"
168859,29/2024/TT-NHNN,03/2014/TT-NHNN,"sửa đổi, bổ sung","nhân dân; b) Thông tư số 06/2017/TT-NHNN ngày 05/7/2017 của Thống đốc Ngân hàng sửa đổi, bổ sung một số điều của Thông tư số 03/2014/TT-NHNN ngày 23/01/2014 của Thống đốc Ngân hàng Nhà nước quy định về quỹ bảo đảm an toàn hệ thống quỹ tín dụng nhân dân và Thông tư số 04/2015/TT-NHNN ngày 31/03/2015 của Thống đốc Ng"
168859,29/2024/TT-NHNN,04/2015/TT-NHNN,"sửa đổi, bổ sung","nhân dân; b) Thông tư số 06/2017/TT-NHNN ngày 05/7/2017 của Thống đốc Ngân hàng sửa đổi, bổ sung một số điều của Thông tư số 03/2014/TT-NHNN ngày 23/01/2014 của Thống đốc Ngân hàng Nhà nước quy định về quỹ bảo đảm an toàn hệ thống quỹ tín dụng nhân dân và Thông tư số 04/2015/TT-NHNN ngày 31/03/2015 của Thống đốc Ng"
168859,29/2024/TT-NHNN,21/2019/TT-NHNN,"sửa đổi, bổ sung","iều 6 Thông tư 21/2019/TT-NHNN ngày 14/11/2019 của Thống đốc Ngân hàng Nhà nước sửa đổi, bổ sung một số điều của các Thông tư quy định về ngân hàng hợp tác xã, quỹ tín dụng nhân dân và quỹ bảo đảm an toàn hệ thống quỹ tín dụng nhân dân; d) Thông tư số 01/2023/TT-NHNN ngày 01/3/2023 của Thống đốc Ngân hàng Nhà nước "
168859,29/2024/TT-NHNN,01/2023/TT-NHNN,"sửa đổi, bổ sung","iều 6 Thông tư 21/2019/TT-NHNN ngày 14/11/2019 của Thống đốc Ngân hàng Nhà nước sửa đổi, bổ sung một số điều của các Thông tư quy định về ngân hàng hợp tác xã, quỹ tín dụng nhân dân và quỹ bảo đảm an toàn hệ thống quỹ tín dụng nhân dân; d) Thông tư số 01/2023/TT-NHNN ngày 01/3/2023 của Thống đốc Ngân hàng Nhà nước "
168859,29/2024/TT-NHNN,24/2023/TT,"sửa đổi, bổ sung"," d) Thông tư số 01/2023/TT-NHNN ngày 01/3/2023 của Thống đốc Ngân hàng Nhà nước sửa đổi, bổ sung một số điều của Thông tư số 04/2015/TT-NHNN ngày 31/3/2015 của Thống đốc Ngân hàng Nhà nước Việt Nam quy định về quỹ tín dụng nhân dân; đ) Điều 2 Thông tư số 24/2023/TT- NHNN ngày 29/12/2023 của Thống đốc Ngân hàng Nhà "
168859,29/2024/TT-NHNN,04/2015/TT-NHNN,bãi bỏ," Thông tư này có hiệu lực thi hành từ ngày 01 tháng 7 năm 2024. 2. Thông tư này bãi bỏ: a) Thông tư 04/2015/TT-NHNN ngày 31/03/2015 của Thống đốc Ngân hàng Nhà nước quy định về quỹ tín dụng nhân dân; b) Thông tư số 06/2017/TT-NHNN ngày 05/7/2017 của Thống đốc Ngân hàng sửa đổi, bổ sung một số điều của Thô"
168859,29/2024/TT-NHNN,06/2017/TT-NHNN,bãi bỏ," Thông tư này có hiệu lực thi hành từ ngày 01 tháng 7 năm 2024. 2. Thông tư này bãi bỏ: a) Thông tư 04/2015/TT-NHNN ngày 31/03/2015 của Thống đốc Ngân hàng Nhà nước quy định về quỹ tín dụng nhân dân; b) Thông tư số 06/2017/TT-NHNN ngày 05/7/2017 của Thống đốc Ngân hàng sửa đổi, bổ sung một số điều của Thô"
168859,29/2024/TT-NHNN,06/2007/TT-NHNN,reference,"NGÂN HÀNG NHÀ NƯỚC VIỆT NAM CỘNG HÒA XÃ HỘI CHỦ NGHĨA VIỆT NAM Độc lập – Tự do – Hạnh phúc Số: 29/2024/TT-NHNN Hà Nội, ngày 28 tháng 6 năm 2024 THÔNG TƯ Quy định về quỹ tín dụng nhân dân Căn cứ Luật Ngân hàng Nhà nước Vi"
168859,29/2024/TT-NHNN,08/2005/TT-NHNN,reference,"NGÂN HÀNG NHÀ NƯỚC VIỆT NAM CỘNG HÒA XÃ HỘI CHỦ NGHĨA VIỆT NAM Độc lập – Tự do – Hạnh phúc Số: 29/2024/TT-NHNN Hà Nội, ngày 28 tháng 6 năm 2024 THÔNG TƯ Quy định về quỹ tín dụng nhân dân Căn cứ Luật Ngân hàng Nhà nước Vi"
168859,29/2024/TT-NHNN,04/2015/TT-NHNN,reference,"NGÂN HÀNG NHÀ NƯỚC VIỆT NAM CỘNG HÒA XÃ HỘI CHỦ NGHĨA VIỆT NAM Độc lập – Tự do – Hạnh phúc Số: 29/2024/TT-NHNN Hà Nội, ngày 28 tháng 6 năm 2024 THÔNG TƯ Quy định về quỹ tín dụng nhân dân Căn cứ Luật Ngân hàng Nhà nước Vi"
168859,29/2024/TT-NHNN,06/2017/TT-NHNN,reference,"NGÂN HÀNG NHÀ NƯỚC VIỆT NAM CỘNG HÒA XÃ HỘI CHỦ NGHĨA VIỆT NAM Độc lập – Tự do – Hạnh phúc Số: 29/2024/TT-NHNN Hà Nội, ngày 28 tháng 6 năm 2024 THÔNG TƯ Quy định về quỹ tín dụng nhân dân Căn cứ Luật Ngân hàng Nhà nước Vi"
168859,29/2024/TT-NHNN,03/2014/TT-NHNN,reference,"NGÂN HÀNG NHÀ NƯỚC VIỆT NAM CỘNG HÒA XÃ HỘI CHỦ NGHĨA VIỆT NAM Độc lập – Tự do – Hạnh phúc Số: 29/2024/TT-NHNN Hà Nội, ngày 28 tháng 6 năm 2024 THÔNG TƯ Quy định về quỹ tín dụng nhân dân Căn cứ Luật Ngân hàng Nhà nước Vi"
168859,29/2024/TT-NHNN,21/2019/TT-NHNN,reference,"NGÂN HÀNG NHÀ NƯỚC VIỆT NAM CỘNG HÒA XÃ HỘI CHỦ NGHĨA VIỆT NAM Độc lập – Tự do – Hạnh phúc Số: 29/2024/TT-NHNN Hà Nội, ngày 28 tháng 6 năm 2024 THÔNG TƯ Quy định về quỹ tín dụng nhân dân Căn cứ Luật Ngân hàng Nhà nước Vi"
168859,29/2024/TT-NHNN,01/2023/TT-NHNN,reference,"NGÂN HÀNG NHÀ NƯỚC VIỆT NAM CỘNG HÒA XÃ HỘI CHỦ NGHĨA VIỆT NAM Độc lập – Tự do – Hạnh phúc Số: 29/2024/TT-NHNN Hà Nội, ngày 28 tháng 6 năm 2024 THÔNG TƯ Quy định về quỹ tín dụng nhân dân Căn cứ Luật Ngân hàng Nhà nước Vi"
168859,29/2024/TT-NHNN,24/2023/TT,reference,"NGÂN HÀNG NHÀ NƯỚC VIỆT NAM CỘNG HÒA XÃ HỘI CHỦ NGHĨA VIỆT NAM Độc lập – Tự do – Hạnh phúc Số: 29/2024/TT-NHNN Hà Nội, ngày 28 tháng 6 năm 2024 THÔNG TƯ Quy định về quỹ tín dụng nhân dân Căn cứ Luật Ngân hàng Nhà nước Vi"
169221,43/2024/TT-NHNN,01/2014/TT-NHNN,"Sửa đổi, bổ sung","Tự do – Hạnh phúc Số: 43/2024/TT-NHNN Hà Nội, ngày 09 tháng 8 năm 2024 THÔNG TƯ Sửa đổi, bổ sung một số điều của Thông tư số 01/2014/TT-NHNN ngày 10 tháng 12 năm 2014 của Thống đốc Ngân hàng Nhà nước Việt Nam hướng dẫn việc tổ chức thực hiện hoạt động quản lý dự trữ ngoại hối nhà nước ___________________ Căn cứ Luậ"
169221,43/2024/TT-NHNN,12/2023/TT-NHNN,"Sửa đổi, bổ sung","ng thông tin Refinitiv hoặc Bloomberg trước 10 giờ sáng của ngày giao dịch.” 7. Sửa đổi, bổ sung khoản 1 và khoản 5 Điều 14 (đã được sửa đổi, bổ sung bởi khoản 11 Điều 1 Thông tư số 12/2023/TT-NHNN ngày 12/10/2023 của Thống đốc Ngân hàng Nhà nước Việt Nam sửa đổi, bổ sung một số điều của các văn bản quy phạm pháp l"
169221,43/2024/TT-NHNN,01/2020/TT-NHNN,"Sửa đổi, bổ sung","g trước theo mẫu quy định tại Phụ lục số 10 ban hành kèm theo Thông tư này. 13. Sửa đổi, bổ sung điểm a và điểm c khoản 2 Điều 30 (đã được sửa đổi, bổ sung bởi khoản 13 Điều 1 Thông tư số 01/2020/TT-NHNN ngày 31/12/2020 của Thống đốc Ngân hàng Nhà nước Việt Nam sửa đổi, bổ sung một số điều của Thông tư 01/2014/TT-N"
169221,43/2024/TT-NHNN,01/2014/TT-N,"Sửa đổi, bổ sung","g trước theo mẫu quy định tại Phụ lục số 10 ban hành kèm theo Thông tư này. 13. Sửa đổi, bổ sung điểm a và điểm c khoản 2 Điều 30 (đã được sửa đổi, bổ sung bởi khoản 13 Điều 1 Thông tư số 01/2020/TT-NHNN ngày 31/12/2020 của Thống đốc Ngân hàng Nhà nước Việt Nam sửa đổi, bổ sung một số điều của Thông tư 01/2014/TT-N"
169221,43/2024/TT-NHNN,01/2014/TT-NHNN,"sửa đổi, bổ sung","Tự do – Hạnh phúc Số: 43/2024/TT-NHNN Hà Nội, ngày 09 tháng 8 năm 2024 THÔNG TƯ Sửa đổi, bổ sung một số điều của Thông tư số 01/2014/TT-NHNN ngày 10 tháng 12 năm 2014 của Thống đốc Ngân hàng Nhà nước Việt Nam hướng dẫn việc tổ chức thực hiện hoạt động quản lý dự trữ ngoại hối nhà nước ___________________ Căn cứ Luậ"
169221,43/2024/TT-NHNN,12/2023/TT-NHNN,"sửa đổi, bổ sung","ng thông tin Refinitiv hoặc Bloomberg trước 10 giờ sáng của ngày giao dịch.” 7. Sửa đổi, bổ sung khoản 1 và khoản 5 Điều 14 (đã được sửa đổi, bổ sung bởi khoản 11 Điều 1 Thông tư số 12/2023/TT-NHNN ngày 12/10/2023 của Thống đốc Ngân hàng Nhà nước Việt Nam sửa đổi, bổ sung một số điều của các văn bản quy phạm pháp l"
169221,43/2024/TT-NHNN,01/2020/TT-NHNN,"sửa đổi, bổ sung","g trước theo mẫu quy định tại Phụ lục số 10 ban hành kèm theo Thông tư này. 13. Sửa đổi, bổ sung điểm a và điểm c khoản 2 Điều 30 (đã được sửa đổi, bổ sung bởi khoản 13 Điều 1 Thông tư số 01/2020/TT-NHNN ngày 31/12/2020 của Thống đốc Ngân hàng Nhà nước Việt Nam sửa đổi, bổ sung một số điều của Thông tư 01/2014/TT-N"
169221,43/2024/TT-NHNN,01/2014/TT-N,"sửa đổi, bổ sung","g trước theo mẫu quy định tại Phụ lục số 10 ban hành kèm theo Thông tư này. 13. Sửa đổi, bổ sung điểm a và điểm c khoản 2 Điều 30 (đã được sửa đổi, bổ sung bởi khoản 13 Điều 1 Thông tư số 01/2020/TT-NHNN ngày 31/12/2020 của Thống đốc Ngân hàng Nhà nước Việt Nam sửa đổi, bổ sung một số điều của Thông tư 01/2014/TT-N"
169221,43/2024/TT-NHNN,01/2014/TT-NHNN,bãi bỏ,"các nhiệm vụ khác theo quy định tại Thông tư này.” Điều 2. Thay thế, bổ sung và bãi bỏ một số quy định của Thông tư số 01/2014/TT-NHNN 1. Thay thế Phụ lục số 01, Phụ lục số 03, Phụ lục số 04, Phụ lục số 06, Phụ lục số 07 và Phụ lục số 08 (đã được thay thế bởi Thông tư số 12/2023/TT-NHNN) bằng Phụ lục số 0"
169221,43/2024/TT-NHNN,12/2023/TT-NHNN,bãi bỏ,"các nhiệm vụ khác theo quy định tại Thông tư này.” Điều 2. Thay thế, bổ sung và bãi bỏ một số quy định của Thông tư số 01/2014/TT-NHNN 1. Thay thế Phụ lục số 01, Phụ lục số 03, Phụ lục số 04, Phụ lục số 06, Phụ lục số 07 và Phụ lục số 08 (đã được thay thế bởi Thông tư số 12/2023/TT-NHNN) bằng Phụ lục số 0"
169221,43/2024/TT-NHNN,01/2020/TT-NHNN,bãi bỏ,"u khoản thi hành 1. Thông tư này có hiệu lực từ ngày 23/9/2024. 2. Thông tư này bãi bỏ khoản 3, khoản 4, khoản 5, khoản 9, khoản 16 Điều 1, khoản 3, khoản 4 Điều 2 Thông tư số 01/2020/TT-NHNN. 3. Thông tư này bãi bỏ điểm a khoản 2, điểm b khoản 3, khoản 4, khoản 5, khoản 6, khoản 8, khoản 12 và khoản 16, "
169221,43/2024/TT-NHNN,01/2014/TT-NHNN,thay thế,"à nước; b) Thực hiện các nhiệm vụ khác theo quy định tại Thông tư này.” Điều 2. Thay thế, bổ sung và bãi bỏ một số quy định của Thông tư số 01/2014/TT-NHNN 1. Thay thế Phụ lục số 01, Phụ lục số 03, Phụ lục số 04, Phụ lục số 06, Phụ lục số 07 và Phụ lục số 08 (đã được thay thế bởi Thông tư số 12/2023/TT-NHNN"
169221,43/2024/TT-NHNN,12/2023/TT-NHNN,thay thế,"à nước; b) Thực hiện các nhiệm vụ khác theo quy định tại Thông tư này.” Điều 2. Thay thế, bổ sung và bãi bỏ một số quy định của Thông tư số 01/2014/TT-NHNN 1. Thay thế Phụ lục số 01, Phụ lục số 03, Phụ lục số 04, Phụ lục số 06, Phụ lục số 07 và Phụ lục số 08 (đã được thay thế bởi Thông tư số 12/2023/TT-NHNN"
169221,43/2024/TT-NHNN,12/2023/TT-NHNN,thay thế bởi,"ục số 03, Phụ lục số 04, Phụ lục số 06, Phụ lục số 07 và Phụ lục số 08 (đã được thay thế bởi Thông tư số 12/2023/TT-NHNN) bằng Phụ lục số 01, Phụ lục số 03, Phụ lục số 04, Phụ lục số 06, Phụ lục số 07 và Phụ lục số 08 tương ứng ban hành kèm theo Thông tư này. 2. Bổ sung Phụ lục số 09 và Phụ lục số 10. 3. Bãi bỏ"
169221,43/2024/TT-NHNN,01/2014/TT-NHNN,reference,"NGÂN HÀNG NHÀ NƯỚC VIỆT NAM CỘNG HÒA XÃ HỘI CHỦ NGHĨA VIỆT NAM Độc lập – Tự do – Hạnh phúc Số: 43/2024/TT-NHNN Hà Nội, ngày 09 tháng 8 năm 2024 THÔNG TƯ Sửa đổi, bổ sung một số điều của Thông tư số 01/2014/TT-NHNN ngày 1"
169221,43/2024/TT-NHNN,12/2023/TT-NHNN,reference,"NGÂN HÀNG NHÀ NƯỚC VIỆT NAM CỘNG HÒA XÃ HỘI CHỦ NGHĨA VIỆT NAM Độc lập – Tự do – Hạnh phúc Số: 43/2024/TT-NHNN Hà Nội, ngày 09 tháng 8 năm 2024 THÔNG TƯ Sửa đổi, bổ sung một số điều của Thông tư số 01/2014/TT-NHNN ngày 1"
169221,43/2024/TT-NHNN,01/2020/TT-NHNN,reference,"NGÂN HÀNG NHÀ NƯỚC VIỆT NAM CỘNG HÒA XÃ HỘI CHỦ NGHĨA VIỆT NAM Độc lập – Tự do – Hạnh phúc Số: 43/2024/TT-NHNN Hà Nội, ngày 09 tháng 8 năm 2024 THÔNG TƯ Sửa đổi, bổ sung một số điều của Thông tư số 01/2014/TT-NHNN ngày 1"
174218,62/2024/TT-NHNN,36/2015/TT-NHNN,reference,"NGÂN HÀNG NHÀ NƯỚC VIỆT NAM CỘNG HÒA XÃ HỘI CHỦ NGHĨA VIỆT NAM Độc lập – Tự do – Hạnh phúc Số: 62/2024/TT-NHNN Hà Nội, ngày 31 tháng 12 năm 2024 THÔNG TƯ Quy định điều kiện, hồ sơ, thủ tục chấp thuận việc tổ chức lại ngâ"
185630,63/2025/TT-NHNN,46/2010/QH12,Căn cứ,"NG TƯ Sửa đổi, bổ sung một số điều của một số Thông tư về quỹ tín dụng nhân dân Căn cứ Luật Ngân hàng Nhà nước Việt Nam số 46/2010/QH12; Căn cứ Luật Các tổ chức tín dụng số 32/2024/QH15 được sửa đổi, bổ sung bởi Luật số 96/2025/QH15; Căn cứ Luật Hợp tác xã số 17/2023/QH15; Căn cứ Nghị định số 26/2025/NĐ-C"
185630,63/2025/TT-NHNN,32/2024/QH15,Căn cứ,"NG TƯ Sửa đổi, bổ sung một số điều của một số Thông tư về quỹ tín dụng nhân dân Căn cứ Luật Ngân hàng Nhà nước Việt Nam số 46/2010/QH12; Căn cứ Luật Các tổ chức tín dụng số 32/2024/QH15 được sửa đổi, bổ sung bởi Luật số 96/2025/QH15; Căn cứ Luật Hợp tác xã số 17/2023/QH15; Căn cứ Nghị định số 26/2025/NĐ-C"
185630,63/2025/TT-NHNN,96/2025/QH15,Căn cứ,"NG TƯ Sửa đổi, bổ sung một số điều của một số Thông tư về quỹ tín dụng nhân dân Căn cứ Luật Ngân hàng Nhà nước Việt Nam số 46/2010/QH12; Căn cứ Luật Các tổ chức tín dụng số 32/2024/QH15 được sửa đổi, bổ sung bởi Luật số 96/2025/QH15; Căn cứ Luật Hợp tác xã số 17/2023/QH15; Căn cứ Nghị định số 26/2025/NĐ-C"
185630,63/2025/TT-NHNN,17/2023/QH15,Căn cứ,"NG TƯ Sửa đổi, bổ sung một số điều của một số Thông tư về quỹ tín dụng nhân dân Căn cứ Luật Ngân hàng Nhà nước Việt Nam số 46/2010/QH12; Căn cứ Luật Các tổ chức tín dụng số 32/2024/QH15 được sửa đổi, bổ sung bởi Luật số 96/2025/QH15; Căn cứ Luật Hợp tác xã số 17/2023/QH15; Căn cứ Nghị định số 26/2025/NĐ-C"
185630,63/2025/TT-NHNN,46/2010/QH12,"Sửa đổi, bổ sung","ự do - Hạnh phúc Số: 63/2025/TT-NHNN Hà Nội, ngày 31 tháng 12 năm 2025 THÔNG TƯ Sửa đổi, bổ sung một số điều của một số Thông tư về quỹ tín dụng nhân dân Căn cứ Luật Ngân hàng Nhà nước Việt Nam số 46/2010/QH12; Căn cứ Luật Các tổ chức tín dụng số 32/2024/QH15 được sửa đổi, bổ sung bởi Luật số 96/2025/QH15; Căn cứ L"
185630,63/2025/TT-NHNN,32/2024/QH15,"Sửa đổi, bổ sung","ự do - Hạnh phúc Số: 63/2025/TT-NHNN Hà Nội, ngày 31 tháng 12 năm 2025 THÔNG TƯ Sửa đổi, bổ sung một số điều của một số Thông tư về quỹ tín dụng nhân dân Căn cứ Luật Ngân hàng Nhà nước Việt Nam số 46/2010/QH12; Căn cứ Luật Các tổ chức tín dụng số 32/2024/QH15 được sửa đổi, bổ sung bởi Luật số 96/2025/QH15; Căn cứ L"
185630,63/2025/TT-NHNN,96/2025/QH15,"Sửa đổi, bổ sung","ự do - Hạnh phúc Số: 63/2025/TT-NHNN Hà Nội, ngày 31 tháng 12 năm 2025 THÔNG TƯ Sửa đổi, bổ sung một số điều của một số Thông tư về quỹ tín dụng nhân dân Căn cứ Luật Ngân hàng Nhà nước Việt Nam số 46/2010/QH12; Căn cứ Luật Các tổ chức tín dụng số 32/2024/QH15 được sửa đổi, bổ sung bởi Luật số 96/2025/QH15; Căn cứ L"
185630,63/2025/TT-NHNN,17/2023/QH15,"Sửa đổi, bổ sung","Việt Nam số 46/2010/QH12; Căn cứ Luật Các tổ chức tín dụng số 32/2024/QH15 được sửa đổi, bổ sung bởi Luật số 96/2025/QH15; Căn cứ Luật Hợp tác xã số 17/2023/QH15; Căn cứ Nghị định số 26/2025/NĐ-CP của Chính phủ quy định chức năng, nhiệm vụ, quyền hạn và cơ cấu tổ chức của Ngân hàng Nhà nước Việt Nam; Theo đề nghị c"
185630,63/2025/TT-NHNN,29/2024/TT-NHNN,"Sửa đổi, bổ sung","g các tổ chức tín dụng; Thống đốc Ngân hàng Nhà nước Việt Nam ban hành Thông tư sửa đổi, bổ sung một số điều của một số Thông tư về quỹ tín dụng nhân dân. Chương I SỬA ĐỔI, BỔ SUNG MỘT SỐ ĐIỀU CỦA THÔNG TƯ SỐ 29/2024/TT-NHNN QUY ĐỊNH VỀ QUỸ TÍN DỤNG NHÂN DÂN Điều 1. Sửa đổi, bổ sung điểm d khoản 2 Điều 25 “d) Định "
185630,63/2025/TT-NHNN,01/2025/TT-NHNN,"Sửa đổi, bổ sung","yệt tiếp tục thực hiện việc xử lý theo phương án đã được phê duyệt.”. Chương II SỬA ĐỔI, BỔ SUNG MỘT SỐ ĐIỀU CỦA THÔNG TƯ SỐ 01/2025/TT-NHNN QUY ĐỊNH VỀ CẤP GIẤY PHÉP LẦN ĐẦU, CẤP ĐỔI GIẤY PHÉP CỦA QUỸ TÍN DỤNG NHÂN DÂN Điều 3. Sửa đổi, bổ sung Điều 5 1. Sửa đổi tên Điều 5 như sau: “ Điều 5. Nguyên tắc lập, gửi, ti"
185630,63/2025/TT-NHNN,01/2025/T,"Sửa đổi, bổ sung","hối, Ngân hàng Nhà nước Khu vực trả lời bằng văn bản và nêu rõ lý do.”. Điều 7. Sửa đổi, bổ sung các phụ lục Bổ sung cụm từ “Mã định danh tổ chức (nếu có)” sau cụm từ “Tên viết tắt bằng tiếng Anh (nếu có)” tại phần “Tên quỹ tín dụng nhân dân” tại Phụ lục số 01, 02, 03, 07, 08 ban hành kèm theo Thông tư số 01/2025/T"
185630,63/2025/TT-NHNN,10/2025/TT-NHNN,"Sửa đổi, bổ sung","số 01, 02, 03, 07, 08 ban hành kèm theo Thông tư số 01/2025/TT-NHNN. Chương III SỬA ĐỔI, BỔ SUNG MỘT SỐ ĐIỀU CỦA THÔNG TƯ SỐ 10/2025/TT-NHNN QUY ĐỊNH VỀ TỔ CHỨC LẠI, THU HỒI GIẤY PHÉP VÀ THANH LÝ TÀI SẢN CỦA QUỸ TÍN DỤNG NHÂN DÂN Điều 8. Bổ sung khoản 4 vào Điều 7 “4. Số lượng phòng giao dịch của quỹ tín dụng nhân "
185630,63/2025/TT-NHNN,43/2015/TT-NHNN,"Sửa đổi, bổ sung","2025/TT-NHNN ngày 06 tháng 6 năm 2025 của Thống đốc Ngân hàng Nhà nước Việt Nam sửa đổi, bổ sung một số điều của Thông tư số 43/2015/TT-NHNN ngày 31 tháng 12 năm 2015 của Thống đốc Ngân hàng Nhà nước Việt Nam quy định về tổ chức và hoạt động của phòng giao dịch bưu điện trực thuộc Ngân hàng thương mại cổ phần Bưu đ"
185630,63/2025/TT-NHNN,46/2010/QH12,"sửa đổi, bổ sung","ự do - Hạnh phúc Số: 63/2025/TT-NHNN Hà Nội, ngày 31 tháng 12 năm 2025 THÔNG TƯ Sửa đổi, bổ sung một số điều của một số Thông tư về quỹ tín dụng nhân dân Căn cứ Luật Ngân hàng Nhà nước Việt Nam số 46/2010/QH12; Căn cứ Luật Các tổ chức tín dụng số 32/2024/QH15 được sửa đổi, bổ sung bởi Luật số 96/2025/QH15; Căn cứ L"
185630,63/2025/TT-NHNN,32/2024/QH15,"sửa đổi, bổ sung","ự do - Hạnh phúc Số: 63/2025/TT-NHNN Hà Nội, ngày 31 tháng 12 năm 2025 THÔNG TƯ Sửa đổi, bổ sung một số điều của một số Thông tư về quỹ tín dụng nhân dân Căn cứ Luật Ngân hàng Nhà nước Việt Nam số 46/2010/QH12; Căn cứ Luật Các tổ chức tín dụng số 32/2024/QH15 được sửa đổi, bổ sung bởi Luật số 96/2025/QH15; Căn cứ L"
185630,63/2025/TT-NHNN,96/2025/QH15,"sửa đổi, bổ sung","ự do - Hạnh phúc Số: 63/2025/TT-NHNN Hà Nội, ngày 31 tháng 12 năm 2025 THÔNG TƯ Sửa đổi, bổ sung một số điều của một số Thông tư về quỹ tín dụng nhân dân Căn cứ Luật Ngân hàng Nhà nước Việt Nam số 46/2010/QH12; Căn cứ Luật Các tổ chức tín dụng số 32/2024/QH15 được sửa đổi, bổ sung bởi Luật số 96/2025/QH15; Căn cứ L"
185630,63/2025/TT-NHNN,17/2023/QH15,"sửa đổi, bổ sung","Việt Nam số 46/2010/QH12; Căn cứ Luật Các tổ chức tín dụng số 32/2024/QH15 được sửa đổi, bổ sung bởi Luật số 96/2025/QH15; Căn cứ Luật Hợp tác xã số 17/2023/QH15; Căn cứ Nghị định số 26/2025/NĐ-CP của Chính phủ quy định chức năng, nhiệm vụ, quyền hạn và cơ cấu tổ chức của Ngân hàng Nhà nước Việt Nam; Theo đề nghị c"
185630,63/2025/TT-NHNN,29/2024/TT-NHNN,"sửa đổi, bổ sung","g các tổ chức tín dụng; Thống đốc Ngân hàng Nhà nước Việt Nam ban hành Thông tư sửa đổi, bổ sung một số điều của một số Thông tư về quỹ tín dụng nhân dân. Chương I SỬA ĐỔI, BỔ SUNG MỘT SỐ ĐIỀU CỦA THÔNG TƯ SỐ 29/2024/TT-NHNN QUY ĐỊNH VỀ QUỸ TÍN DỤNG NHÂN DÂN Điều 1. Sửa đổi, bổ sung điểm d khoản 2 Điều 25 “d) Định "
185630,63/2025/TT-NHNN,01/2025/TT-NHNN,"sửa đổi, bổ sung","yệt tiếp tục thực hiện việc xử lý theo phương án đã được phê duyệt.”. Chương II SỬA ĐỔI, BỔ SUNG MỘT SỐ ĐIỀU CỦA THÔNG TƯ SỐ 01/2025/TT-NHNN QUY ĐỊNH VỀ CẤP GIẤY PHÉP LẦN ĐẦU, CẤP ĐỔI GIẤY PHÉP CỦA QUỸ TÍN DỤNG NHÂN DÂN Điều 3. Sửa đổi, bổ sung Điều 5 1. Sửa đổi tên Điều 5 như sau: “ Điều 5. Nguyên tắc lập, gửi, ti"
185630,63/2025/TT-NHNN,01/2025/T,"sửa đổi, bổ sung","hối, Ngân hàng Nhà nước Khu vực trả lời bằng văn bản và nêu rõ lý do.”. Điều 7. Sửa đổi, bổ sung các phụ lục Bổ sung cụm từ “Mã định danh tổ chức (nếu có)” sau cụm từ “Tên viết tắt bằng tiếng Anh (nếu có)” tại phần “Tên quỹ tín dụng nhân dân” tại Phụ lục số 01, 02, 03, 07, 08 ban hành kèm theo Thông tư số 01/2025/T"
185630,63/2025/TT-NHNN,10/2025/TT-NHNN,"sửa đổi, bổ sung","số 01, 02, 03, 07, 08 ban hành kèm theo Thông tư số 01/2025/TT-NHNN. Chương III SỬA ĐỔI, BỔ SUNG MỘT SỐ ĐIỀU CỦA THÔNG TƯ SỐ 10/2025/TT-NHNN QUY ĐỊNH VỀ TỔ CHỨC LẠI, THU HỒI GIẤY PHÉP VÀ THANH LÝ TÀI SẢN CỦA QUỸ TÍN DỤNG NHÂN DÂN Điều 8. Bổ sung khoản 4 vào Điều 7 “4. Số lượng phòng giao dịch của quỹ tín dụng nhân "
185630,63/2025/TT-NHNN,43/2015/TT-NHNN,"sửa đổi, bổ sung","2025/TT-NHNN ngày 06 tháng 6 năm 2025 của Thống đốc Ngân hàng Nhà nước Việt Nam sửa đổi, bổ sung một số điều của Thông tư số 43/2015/TT-NHNN ngày 31 tháng 12 năm 2015 của Thống đốc Ngân hàng Nhà nước Việt Nam quy định về tổ chức và hoạt động của phòng giao dịch bưu điện trực thuộc Ngân hàng thương mại cổ phần Bưu đ"
185630,63/2025/TT-NHNN,08/2025/TT-NHNN,bãi bỏ,"ng tư này có hiệu lực thi hành kể từ ngày 16 tháng 02 năm 2026. 2. Thông tư này bãi bỏ quy định tại khoản 1 Điều 2 Thông tư số 08/2025/TT-NHNN ngày 06 tháng 6 năm 2025 của Thống đốc Ngân hàng Nhà nước Việt Nam sửa đổi, bổ sung một số điều của Thông tư số 43/2015/TT-NHNN ngày 31 tháng 12 năm 2015 của Thống"
185630,63/2025/TT-NHNN,43/2015/TT-NHNN,bãi bỏ,"ng tư này có hiệu lực thi hành kể từ ngày 16 tháng 02 năm 2026. 2. Thông tư này bãi bỏ quy định tại khoản 1 Điều 2 Thông tư số 08/2025/TT-NHNN ngày 06 tháng 6 năm 2025 của Thống đốc Ngân hàng Nhà nước Việt Nam sửa đổi, bổ sung một số điều của Thông tư số 43/2015/TT-NHNN ngày 31 tháng 12 năm 2015 của Thống"
185630,63/2025/TT-NHNN,46/2010/QH12,reference,"NGÂN HÀNG NHÀ NƯỚC VIỆT NAM CỘNG HÒA XÃ HỘI CHỦ NGHĨA VIỆT NAM Độc lập - Tự do - Hạnh phúc Số: 63/2025/TT-NHNN Hà Nội, ngày 31 tháng 12 năm 2025 THÔNG TƯ Sửa đổi, bổ sung một số điều của một số Thông tư về quỹ tín dụng n"
185630,63/2025/TT-NHNN,32/2024/QH15,reference,"NGÂN HÀNG NHÀ NƯỚC VIỆT NAM CỘNG HÒA XÃ HỘI CHỦ NGHĨA VIỆT NAM Độc lập - Tự do - Hạnh phúc Số: 63/2025/TT-NHNN Hà Nội, ngày 31 tháng 12 năm 2025 THÔNG TƯ Sửa đổi, bổ sung một số điều của một số Thông tư về quỹ tín dụng n"
185630,63/2025/TT-NHNN,96/2025/QH15,reference,"NGÂN HÀNG NHÀ NƯỚC VIỆT NAM CỘNG HÒA XÃ HỘI CHỦ NGHĨA VIỆT NAM Độc lập - Tự do - Hạnh phúc Số: 63/2025/TT-NHNN Hà Nội, ngày 31 tháng 12 năm 2025 THÔNG TƯ Sửa đổi, bổ sung một số điều của một số Thông tư về quỹ tín dụng n"
185630,63/2025/TT-NHNN,17/2023/QH15,reference,"NGÂN HÀNG NHÀ NƯỚC VIỆT NAM CỘNG HÒA XÃ HỘI CHỦ NGHĨA VIỆT NAM Độc lập - Tự do - Hạnh phúc Số: 63/2025/TT-NHNN Hà Nội, ngày 31 tháng 12 năm 2025 THÔNG TƯ Sửa đổi, bổ sung một số điều của một số Thông tư về quỹ tín dụng n"
185630,63/2025/TT-NHNN,29/2024/TT-NHNN,reference,"NGÂN HÀNG NHÀ NƯỚC VIỆT NAM CỘNG HÒA XÃ HỘI CHỦ NGHĨA VIỆT NAM Độc lập - Tự do - Hạnh phúc Số: 63/2025/TT-NHNN Hà Nội, ngày 31 tháng 12 năm 2025 THÔNG TƯ Sửa đổi, bổ sung một số điều của một số Thông tư về quỹ tín dụng n"
185630,63/2025/TT-NHNN,01/2025/TT-NHNN,reference,"NGÂN HÀNG NHÀ NƯỚC VIỆT NAM CỘNG HÒA XÃ HỘI CHỦ NGHĨA VIỆT NAM Độc lập - Tự do - Hạnh phúc Số: 63/2025/TT-NHNN Hà Nội, ngày 31 tháng 12 năm 2025 THÔNG TƯ Sửa đổi, bổ sung một số điều của một số Thông tư về quỹ tín dụng n"
185630,63/2025/TT-NHNN,10/2025/TT-NHNN,reference,"NGÂN HÀNG NHÀ NƯỚC VIỆT NAM CỘNG HÒA XÃ HỘI CHỦ NGHĨA VIỆT NAM Độc lập - Tự do - Hạnh phúc Số: 63/2025/TT-NHNN Hà Nội, ngày 31 tháng 12 năm 2025 THÔNG TƯ Sửa đổi, bổ sung một số điều của một số Thông tư về quỹ tín dụng n"
185630,63/2025/TT-NHNN,08/2025/TT-NHNN,reference,"NGÂN HÀNG NHÀ NƯỚC VIỆT NAM CỘNG HÒA XÃ HỘI CHỦ NGHĨA VIỆT NAM Độc lập - Tự do - Hạnh phúc Số: 63/2025/TT-NHNN Hà Nội, ngày 31 tháng 12 năm 2025 THÔNG TƯ Sửa đổi, bổ sung một số điều của một số Thông tư về quỹ tín dụng n"
185630,63/2025/TT-NHNN,43/2015/TT-NHNN,reference,"NGÂN HÀNG NHÀ NƯỚC VIỆT NAM CỘNG HÒA XÃ HỘI CHỦ NGHĨA VIỆT NAM Độc lập - Tự do - Hạnh phúc Số: 63/2025/TT-NHNN Hà Nội, ngày 31 tháng 12 năm 2025 THÔNG TƯ Sửa đổi, bổ sung một số điều của một số Thông tư về quỹ tín dụng n"
185630,63/2025/TT-NHNN,32/2024/TT-NHNN,reference,"NGÂN HÀNG NHÀ NƯỚC VIỆT NAM CỘNG HÒA XÃ HỘI CHỦ NGHĨA VIỆT NAM Độc lập - Tự do - Hạnh phúc Số: 63/2025/TT-NHNN Hà Nội, ngày 31 tháng 12 năm 2025 THÔNG TƯ Sửa đổi, bổ sung một số điều của một số Thông tư về quỹ tín dụng n"
186482,69/2025/TT-NHNN,46/2010/QH12,Căn cứ,"ng liên quan đến cắt giảm điều kiện kinh doanh, đơn giản hóa thủ tục hành chính Căn cứ Luật Ngân hàng Nhà nước Việt Nam số 46/2010/QH12; Căn cứ Luật Các tổ chức tín dụng số 32/2024/QH15 được sửa đổi, bổ sung bởi Luật số 96/2025/QH15; Căn cứ Nghị định số 26/2025/NĐ-CP của Chính phủ quy định chức năng, nhiệ"
186482,69/2025/TT-NHNN,32/2024/QH15,Căn cứ,"ng liên quan đến cắt giảm điều kiện kinh doanh, đơn giản hóa thủ tục hành chính Căn cứ Luật Ngân hàng Nhà nước Việt Nam số 46/2010/QH12; Căn cứ Luật Các tổ chức tín dụng số 32/2024/QH15 được sửa đổi, bổ sung bởi Luật số 96/2025/QH15; Căn cứ Nghị định số 26/2025/NĐ-CP của Chính phủ quy định chức năng, nhiệ"
186482,69/2025/TT-NHNN,96/2025/QH15,Căn cứ,"ng liên quan đến cắt giảm điều kiện kinh doanh, đơn giản hóa thủ tục hành chính Căn cứ Luật Ngân hàng Nhà nước Việt Nam số 46/2010/QH12; Căn cứ Luật Các tổ chức tín dụng số 32/2024/QH15 được sửa đổi, bổ sung bởi Luật số 96/2025/QH15; Căn cứ Nghị định số 26/2025/NĐ-CP của Chính phủ quy định chức năng, nhiệ"
186482,69/2025/TT-NHNN,46/2010/QH12,"Sửa đổi, bổ sung","Việt Nam số 46/2010/QH12; Căn cứ Luật Các tổ chức tín dụng số 32/2024/QH15 được sửa đổi, bổ sung bởi Luật số 96/2025/QH15; Căn cứ Nghị định số 26/2025/NĐ-CP của Chính phủ quy định chức năng, nhiệm vụ, quyền hạn và cơ cấu tổ chức của Ngân hàng Nhà nước Việt Nam; Theo đề nghị của Cục trưởng Cục An toàn hệ thống các t"
186482,69/2025/TT-NHNN,32/2024/QH15,"Sửa đổi, bổ sung","Việt Nam số 46/2010/QH12; Căn cứ Luật Các tổ chức tín dụng số 32/2024/QH15 được sửa đổi, bổ sung bởi Luật số 96/2025/QH15; Căn cứ Nghị định số 26/2025/NĐ-CP của Chính phủ quy định chức năng, nhiệm vụ, quyền hạn và cơ cấu tổ chức của Ngân hàng Nhà nước Việt Nam; Theo đề nghị của Cục trưởng Cục An toàn hệ thống các t"
186482,69/2025/TT-NHNN,96/2025/QH15,"Sửa đổi, bổ sung","Việt Nam số 46/2010/QH12; Căn cứ Luật Các tổ chức tín dụng số 32/2024/QH15 được sửa đổi, bổ sung bởi Luật số 96/2025/QH15; Căn cứ Nghị định số 26/2025/NĐ-CP của Chính phủ quy định chức năng, nhiệm vụ, quyền hạn và cơ cấu tổ chức của Ngân hàng Nhà nước Việt Nam; Theo đề nghị của Cục trưởng Cục An toàn hệ thống các t"
186482,69/2025/TT-NHNN,19/2013/TT,"Sửa đổi, bổ sung","an đến cắt giảm điều kiện kinh doanh, đơn giản hóa thủ tục hành chính. Chương I SỬA ĐỔI, BỔ SUNG MỘT SỐ ĐIỀU CỦA THÔNG TƯ SỐ 19/2013/TT- NHNN CỦA THỐNG ĐỐC NGÂN HÀNG NHÀ NƯỚC VIỆT NAM QUY ĐỊNH VỀ VIỆC MUA, BÁN VÀ XỬ LÝ NỢ XẤU CỦA CÔNG TY QUẢN LÝ TÀI SẢN CỦA CÁC TỔ CHỨC TÍN DỤNG VIỆT NAM Điều 1. Sửa đổi, bổ sung Điề"
186482,69/2025/TT-NHNN,43/2015/TT,"Sửa đổi, bổ sung"," và khoản 3 Điều 16; khoản 2 Điều 32; khoản 2 Điều 37 Thông tư này.”. Chương II SỬA ĐỔI, BỔ SUNG MỘT SỐ ĐIỀU CỦA THÔNG TƯ SỐ 43/2015/TT- NHNN CỦA THỐNG ĐỐC NGÂN HÀNG NHÀ NƯỚC VIỆT NAM QUY ĐỊNH VỀ TỔ CHỨC VÀ HOẠT ĐỘNG CỦA PHÒNG GIAO DỊCH BƯU ĐIỆN TRỰC THUỘC NGÂN HÀNG THƯƠNG MẠI CỔ PHẦN LỘC PHÁT VIỆT NAM Điều 12. Sửa"
186482,69/2025/TT-NHNN,53/2018/TT,"Sửa đổi, bổ sung","ng các quy định tại khoản 2, khoản 4, khoản 5 Điều 8 Thông tư này.”. Chương III SỬA ĐỔI, BỔ SUNG MỘT SỐ ĐIỀU CỦA THÔNG TƯ SỐ 53/2018/TT- NHNN CỦA THỐNG ĐỐC NGÂN HÀNG NHÀ NƯỚC VIỆT NAM QUY ĐỊNH VỀ MẠNG LƯỚI HOẠT ĐỘNG CỦA TỔ CHỨC TÍN DỤNG PHI NGÂN HÀNG Điều 15. Bãi bỏ điểm đ khoản 1 Điều 6 Điều 16. Sửa đổi, bổ sung Đ"
186482,69/2025/TT-NHNN,53/2018/TT-NHNN,"Sửa đổi, bổ sung","Thông tư 53/2018/TT-NHNN bằng Phụ lục ban hành kèm theo Thông tư này. Chương IV SỬA ĐỔI, BỔ SUNG MỘT SỐ ĐIỀU CỦA THÔNG TƯ SỐ 62/2024/TT-NHNN CỦA THỐNG ĐỐC NGÂN HÀNG NHÀ NƯỚC VIỆT NAM QUY ĐỊNH VỀ ĐIỀU KIỆN, HỒ SƠ, THỦ TỤC CHẤP THUẬN VIỆC TỔ CHỨC LẠI NGÂN HÀNG THƯƠNG MẠI, TỔ CHỨC TÍN DỤNG PHI NGÂN HÀNG Điều 26. Bổ su"
186482,69/2025/TT-NHNN,62/2024/TT-NHNN,"Sửa đổi, bổ sung","Thông tư 53/2018/TT-NHNN bằng Phụ lục ban hành kèm theo Thông tư này. Chương IV SỬA ĐỔI, BỔ SUNG MỘT SỐ ĐIỀU CỦA THÔNG TƯ SỐ 62/2024/TT-NHNN CỦA THỐNG ĐỐC NGÂN HÀNG NHÀ NƯỚC VIỆT NAM QUY ĐỊNH VỀ ĐIỀU KIỆN, HỒ SƠ, THỦ TỤC CHẤP THUẬN VIỆC TỔ CHỨC LẠI NGÂN HÀNG THƯƠNG MẠI, TỔ CHỨC TÍN DỤNG PHI NGÂN HÀNG Điều 26. Bổ su"
186482,69/2025/TT-NHNN,03/2024/TT-NHNN,"Sửa đổi, bổ sung","oản 2 Điều 2 Thông tư 03/2024/TT-NHNN của Thống đốc Ngân hàng Nhà nước Việt Nam sửa đổi, bổ sung một số Điều của Thông tư số 19/2013/TT-NHNN của Thống đốc Ngân hàng Nhà nước Việt Nam quy định về việc mua, bán và xử lý nợ xấu của Công ty Quản lý tài sản của các tổ chức tín dụng Việt Nam; c) Cụm từ “điểm b khoản 3 Đi"
186482,69/2025/TT-NHNN,19/2013/TT-NHNN,"Sửa đổi, bổ sung","oản 2 Điều 2 Thông tư 03/2024/TT-NHNN của Thống đốc Ngân hàng Nhà nước Việt Nam sửa đổi, bổ sung một số Điều của Thông tư số 19/2013/TT-NHNN của Thống đốc Ngân hàng Nhà nước Việt Nam quy định về việc mua, bán và xử lý nợ xấu của Công ty Quản lý tài sản của các tổ chức tín dụng Việt Nam; c) Cụm từ “điểm b khoản 3 Đi"
186482,69/2025/TT-NHNN,27/2022/TT-NHNN,"Sửa đổi, bổ sung"," 5 Điều 1 Thông tư số 27/2022/TT-NHNN của Thống đốc Ngân hàng Nhà nước Việt Nam sửa đổi, bổ sung một số điều của các Thông tư quy định về phân cấp giải quyết thủ tục hành chính trong lĩnh vực thành lập và hoạt động ngân hàng; d) Khoản 7, khoản 9, khoản 14, điểm c khoản 15 Điều 1 Thông tư 30/2024/TT-NHNN của Thống đ"
186482,69/2025/TT-NHNN,30/2024/TT-NHNN,"Sửa đổi, bổ sung"," 5 Điều 1 Thông tư số 27/2022/TT-NHNN của Thống đốc Ngân hàng Nhà nước Việt Nam sửa đổi, bổ sung một số điều của các Thông tư quy định về phân cấp giải quyết thủ tục hành chính trong lĩnh vực thành lập và hoạt động ngân hàng; d) Khoản 7, khoản 9, khoản 14, điểm c khoản 15 Điều 1 Thông tư 30/2024/TT-NHNN của Thống đ"
186482,69/2025/TT-NHNN,46/2010/QH12,"sửa đổi, bổ sung","Việt Nam số 46/2010/QH12; Căn cứ Luật Các tổ chức tín dụng số 32/2024/QH15 được sửa đổi, bổ sung bởi Luật số 96/2025/QH15; Căn cứ Nghị định số 26/2025/NĐ-CP của Chính phủ quy định chức năng, nhiệm vụ, quyền hạn và cơ cấu tổ chức của Ngân hàng Nhà nước Việt Nam; Theo đề nghị của Cục trưởng Cục An toàn hệ thống các t"
186482,69/2025/TT-NHNN,32/2024/QH15,"sửa đổi, bổ sung","Việt Nam số 46/2010/QH12; Căn cứ Luật Các tổ chức tín dụng số 32/2024/QH15 được sửa đổi, bổ sung bởi Luật số 96/2025/QH15; Căn cứ Nghị định số 26/2025/NĐ-CP của Chính phủ quy định chức năng, nhiệm vụ, quyền hạn và cơ cấu tổ chức của Ngân hàng Nhà nước Việt Nam; Theo đề nghị của Cục trưởng Cục An toàn hệ thống các t"
186482,69/2025/TT-NHNN,96/2025/QH15,"sửa đổi, bổ sung","Việt Nam số 46/2010/QH12; Căn cứ Luật Các tổ chức tín dụng số 32/2024/QH15 được sửa đổi, bổ sung bởi Luật số 96/2025/QH15; Căn cứ Nghị định số 26/2025/NĐ-CP của Chính phủ quy định chức năng, nhiệm vụ, quyền hạn và cơ cấu tổ chức của Ngân hàng Nhà nước Việt Nam; Theo đề nghị của Cục trưởng Cục An toàn hệ thống các t"
186482,69/2025/TT-NHNN,19/2013/TT,"sửa đổi, bổ sung","an đến cắt giảm điều kiện kinh doanh, đơn giản hóa thủ tục hành chính. Chương I SỬA ĐỔI, BỔ SUNG MỘT SỐ ĐIỀU CỦA THÔNG TƯ SỐ 19/2013/TT- NHNN CỦA THỐNG ĐỐC NGÂN HÀNG NHÀ NƯỚC VIỆT NAM QUY ĐỊNH VỀ VIỆC MUA, BÁN VÀ XỬ LÝ NỢ XẤU CỦA CÔNG TY QUẢN LÝ TÀI SẢN CỦA CÁC TỔ CHỨC TÍN DỤNG VIỆT NAM Điều 1. Sửa đổi, bổ sung Điề"
186482,69/2025/TT-NHNN,43/2015/TT,"sửa đổi, bổ sung"," và khoản 3 Điều 16; khoản 2 Điều 32; khoản 2 Điều 37 Thông tư này.”. Chương II SỬA ĐỔI, BỔ SUNG MỘT SỐ ĐIỀU CỦA THÔNG TƯ SỐ 43/2015/TT- NHNN CỦA THỐNG ĐỐC NGÂN HÀNG NHÀ NƯỚC VIỆT NAM QUY ĐỊNH VỀ TỔ CHỨC VÀ HOẠT ĐỘNG CỦA PHÒNG GIAO DỊCH BƯU ĐIỆN TRỰC THUỘC NGÂN HÀNG THƯƠNG MẠI CỔ PHẦN LỘC PHÁT VIỆT NAM Điều 12. Sửa"
186482,69/2025/TT-NHNN,53/2018/TT,"sửa đổi, bổ sung","ng các quy định tại khoản 2, khoản 4, khoản 5 Điều 8 Thông tư này.”. Chương III SỬA ĐỔI, BỔ SUNG MỘT SỐ ĐIỀU CỦA THÔNG TƯ SỐ 53/2018/TT- NHNN CỦA THỐNG ĐỐC NGÂN HÀNG NHÀ NƯỚC VIỆT NAM QUY ĐỊNH VỀ MẠNG LƯỚI HOẠT ĐỘNG CỦA TỔ CHỨC TÍN DỤNG PHI NGÂN HÀNG Điều 15. Bãi bỏ điểm đ khoản 1 Điều 6 Điều 16. Sửa đổi, bổ sung Đ"
186482,69/2025/TT-NHNN,53/2018/TT-NHNN,"sửa đổi, bổ sung","Thông tư 53/2018/TT-NHNN bằng Phụ lục ban hành kèm theo Thông tư này. Chương IV SỬA ĐỔI, BỔ SUNG MỘT SỐ ĐIỀU CỦA THÔNG TƯ SỐ 62/2024/TT-NHNN CỦA THỐNG ĐỐC NGÂN HÀNG NHÀ NƯỚC VIỆT NAM QUY ĐỊNH VỀ ĐIỀU KIỆN, HỒ SƠ, THỦ TỤC CHẤP THUẬN VIỆC TỔ CHỨC LẠI NGÂN HÀNG THƯƠNG MẠI, TỔ CHỨC TÍN DỤNG PHI NGÂN HÀNG Điều 26. Bổ su"
186482,69/2025/TT-NHNN,62/2024/TT-NHNN,"sửa đổi, bổ sung","Thông tư 53/2018/TT-NHNN bằng Phụ lục ban hành kèm theo Thông tư này. Chương IV SỬA ĐỔI, BỔ SUNG MỘT SỐ ĐIỀU CỦA THÔNG TƯ SỐ 62/2024/TT-NHNN CỦA THỐNG ĐỐC NGÂN HÀNG NHÀ NƯỚC VIỆT NAM QUY ĐỊNH VỀ ĐIỀU KIỆN, HỒ SƠ, THỦ TỤC CHẤP THUẬN VIỆC TỔ CHỨC LẠI NGÂN HÀNG THƯƠNG MẠI, TỔ CHỨC TÍN DỤNG PHI NGÂN HÀNG Điều 26. Bổ su"
186482,69/2025/TT-NHNN,03/2024/TT-NHNN,"sửa đổi, bổ sung","oản 2 Điều 2 Thông tư 03/2024/TT-NHNN của Thống đốc Ngân hàng Nhà nước Việt Nam sửa đổi, bổ sung một số Điều của Thông tư số 19/2013/TT-NHNN của Thống đốc Ngân hàng Nhà nước Việt Nam quy định về việc mua, bán và xử lý nợ xấu của Công ty Quản lý tài sản của các tổ chức tín dụng Việt Nam; c) Cụm từ “điểm b khoản 3 Đi"
186482,69/2025/TT-NHNN,19/2013/TT-NHNN,"sửa đổi, bổ sung","oản 2 Điều 2 Thông tư 03/2024/TT-NHNN của Thống đốc Ngân hàng Nhà nước Việt Nam sửa đổi, bổ sung một số Điều của Thông tư số 19/2013/TT-NHNN của Thống đốc Ngân hàng Nhà nước Việt Nam quy định về việc mua, bán và xử lý nợ xấu của Công ty Quản lý tài sản của các tổ chức tín dụng Việt Nam; c) Cụm từ “điểm b khoản 3 Đi"
186482,69/2025/TT-NHNN,27/2022/TT-NHNN,"sửa đổi, bổ sung"," 5 Điều 1 Thông tư số 27/2022/TT-NHNN của Thống đốc Ngân hàng Nhà nước Việt Nam sửa đổi, bổ sung một số điều của các Thông tư quy định về phân cấp giải quyết thủ tục hành chính trong lĩnh vực thành lập và hoạt động ngân hàng; d) Khoản 7, khoản 9, khoản 14, điểm c khoản 15 Điều 1 Thông tư 30/2024/TT-NHNN của Thống đ"
186482,69/2025/TT-NHNN,30/2024/TT-NHNN,"sửa đổi, bổ sung"," 5 Điều 1 Thông tư số 27/2022/TT-NHNN của Thống đốc Ngân hàng Nhà nước Việt Nam sửa đổi, bổ sung một số điều của các Thông tư quy định về phân cấp giải quyết thủ tục hành chính trong lĩnh vực thành lập và hoạt động ngân hàng; d) Khoản 7, khoản 9, khoản 14, điểm c khoản 15 Điều 1 Thông tư 30/2024/TT-NHNN của Thống đ"
186482,69/2025/TT-NHNN,53/2018/TT-NHNN,bãi bỏ,"y trì giá trị thực của vốn điều lệ tối thiểu bằng mức vốn pháp định.”. Điều 24. Bãi bỏ Điều 24 Điều 25. Thay thế Phụ lục ban hành kèm theo Thông tư 53/2018/TT-NHNN Thay thế Phụ lục ban hành kèm theo Thông tư 53/2018/TT-NHNN bằng Phụ lục ban hành kèm theo Thông tư này. Chương IV SỬA ĐỔI, BỔ SUNG MỘT SỐ ĐIỀ"
186482,69/2025/TT-NHNN,53/2018/TT-NHNN,thay thế,"ốn điều lệ tối thiểu bằng mức vốn pháp định.”. Điều 24. Bãi bỏ Điều 24 Điều 25. Thay thế Phụ lục ban hành kèm theo Thông tư 53/2018/TT-NHNN Thay thế Phụ lục ban hành kèm theo Thông tư 53/2018/TT-NHNN bằng Phụ lục ban hành kèm theo Thông tư này. Chương IV SỬA ĐỔI, BỔ SUNG MỘT SỐ ĐIỀU CỦA THÔNG TƯ SỐ 62/2024/"
186482,69/2025/TT-NHNN,62/2024/TT-NHNN,thay thế,"bỏ Điều 24 Điều 25. Thay thế Phụ lục ban hành kèm theo Thông tư 53/2018/TT-NHNN Thay thế Phụ lục ban hành kèm theo Thông tư 53/2018/TT-NHNN bằng Phụ lục ban hành kèm theo Thông tư này. Chương IV SỬA ĐỔI, BỔ SUNG MỘT SỐ ĐIỀU CỦA THÔNG TƯ SỐ 62/2024/TT-NHNN CỦA THỐNG ĐỐC NGÂN HÀNG NHÀ NƯỚC VIỆT NAM QUY ĐỊNH V"
186482,69/2025/TT-NHNN,46/2010/QH12,reference,"NGÂN HÀNG NHÀ NƯỚC VIỆT NAM ------- CỘNG HÒA XÃ HỘI CHỦ NGHĨA VIỆT NAM Độc lập - Tự do - Hạnh phúc --------------- Số: 69/2025/TT-NHNN Hà Nội, ngày 31 tháng 12 năm 2025 THÔNG TƯ Sửa đổi, bổ sung một số điều của một số Th"
186482,69/2025/TT-NHNN,32/2024/QH15,reference,"NGÂN HÀNG NHÀ NƯỚC VIỆT NAM ------- CỘNG HÒA XÃ HỘI CHỦ NGHĨA VIỆT NAM Độc lập - Tự do - Hạnh phúc --------------- Số: 69/2025/TT-NHNN Hà Nội, ngày 31 tháng 12 năm 2025 THÔNG TƯ Sửa đổi, bổ sung một số điều của một số Th"
186482,69/2025/TT-NHNN,96/2025/QH15,reference,"NGÂN HÀNG NHÀ NƯỚC VIỆT NAM ------- CỘNG HÒA XÃ HỘI CHỦ NGHĨA VIỆT NAM Độc lập - Tự do - Hạnh phúc --------------- Số: 69/2025/TT-NHNN Hà Nội, ngày 31 tháng 12 năm 2025 THÔNG TƯ Sửa đổi, bổ sung một số điều của một số Th"
186482,69/2025/TT-NHNN,19/2013/TT,reference,"NGÂN HÀNG NHÀ NƯỚC VIỆT NAM ------- CỘNG HÒA XÃ HỘI CHỦ NGHĨA VIỆT NAM Độc lập - Tự do - Hạnh phúc --------------- Số: 69/2025/TT-NHNN Hà Nội, ngày 31 tháng 12 năm 2025 THÔNG TƯ Sửa đổi, bổ sung một số điều của một số Th"
186482,69/2025/TT-NHNN,43/2015/TT,reference,"NGÂN HÀNG NHÀ NƯỚC VIỆT NAM ------- CỘNG HÒA XÃ HỘI CHỦ NGHĨA VIỆT NAM Độc lập - Tự do - Hạnh phúc --------------- Số: 69/2025/TT-NHNN Hà Nội, ngày 31 tháng 12 năm 2025 THÔNG TƯ Sửa đổi, bổ sung một số điều của một số Th"
186482,69/2025/TT-NHNN,53/2018/TT,reference,"NGÂN HÀNG NHÀ NƯỚC VIỆT NAM ------- CỘNG HÒA XÃ HỘI CHỦ NGHĨA VIỆT NAM Độc lập - Tự do - Hạnh phúc --------------- Số: 69/2025/TT-NHNN Hà Nội, ngày 31 tháng 12 năm 2025 THÔNG TƯ Sửa đổi, bổ sung một số điều của một số Th"
186482,69/2025/TT-NHNN,53/2018/TT-NHNN,reference,"NGÂN HÀNG NHÀ NƯỚC VIỆT NAM ------- CỘNG HÒA XÃ HỘI CHỦ NGHĨA VIỆT NAM Độc lập - Tự do - Hạnh phúc --------------- Số: 69/2025/TT-NHNN Hà Nội, ngày 31 tháng 12 năm 2025 THÔNG TƯ Sửa đổi, bổ sung một số điều của một số Th"
186482,69/2025/TT-NHNN,62/2024/TT-NHNN,reference,"NGÂN HÀNG NHÀ NƯỚC VIỆT NAM ------- CỘNG HÒA XÃ HỘI CHỦ NGHĨA VIỆT NAM Độc lập - Tự do - Hạnh phúc --------------- Số: 69/2025/TT-NHNN Hà Nội, ngày 31 tháng 12 năm 2025 THÔNG TƯ Sửa đổi, bổ sung một số điều của một số Th"
186482,69/2025/TT-NHNN,14/2015/TT-NHNN,reference,"NGÂN HÀNG NHÀ NƯỚC VIỆT NAM ------- CỘNG HÒA XÃ HỘI CHỦ NGHĨA VIỆT NAM Độc lập - Tự do - Hạnh phúc --------------- Số: 69/2025/TT-NHNN Hà Nội, ngày 31 tháng 12 năm 2025 THÔNG TƯ Sửa đổi, bổ sung một số điều của một số Th"
186482,69/2025/TT-NHNN,19/2013/TT-NHNN,reference,"NGÂN HÀNG NHÀ NƯỚC VIỆT NAM ------- CỘNG HÒA XÃ HỘI CHỦ NGHĨA VIỆT NAM Độc lập - Tự do - Hạnh phúc --------------- Số: 69/2025/TT-NHNN Hà Nội, ngày 31 tháng 12 năm 2025 THÔNG TƯ Sửa đổi, bổ sung một số điều của một số Th"
186482,69/2025/TT-NHNN,03/2024/TT-NHNN,reference,"NGÂN HÀNG NHÀ NƯỚC VIỆT NAM ------- CỘNG HÒA XÃ HỘI CHỦ NGHĨA VIỆT NAM Độc lập - Tự do - Hạnh phúc --------------- Số: 69/2025/TT-NHNN Hà Nội, ngày 31 tháng 12 năm 2025 THÔNG TƯ Sửa đổi, bổ sung một số điều của một số Th"
186482,69/2025/TT-NHNN,27/2022/TT-NHNN,reference,"NGÂN HÀNG NHÀ NƯỚC VIỆT NAM ------- CỘNG HÒA XÃ HỘI CHỦ NGHĨA VIỆT NAM Độc lập - Tự do - Hạnh phúc --------------- Số: 69/2025/TT-NHNN Hà Nội, ngày 31 tháng 12 năm 2025 THÔNG TƯ Sửa đổi, bổ sung một số điều của một số Th"
186482,69/2025/TT-NHNN,30/2024/TT-NHNN,reference,"NGÂN HÀNG NHÀ NƯỚC VIỆT NAM ------- CỘNG HÒA XÃ HỘI CHỦ NGHĨA VIỆT NAM Độc lập - Tự do - Hạnh phúc --------------- Số: 69/2025/TT-NHNN Hà Nội, ngày 31 tháng 12 năm 2025 THÔNG TƯ Sửa đổi, bổ sung một số điều của một số Th"
186888,62/2025/TT-NHNN,46/2010/QH12,Căn cứ,"ng kiểm soát nội bộ của tổ chức tín dụng là hợp tác xã, tổ chức tài chính vi mô Căn cứ Luật Ngân hàng Nhà nước Việt Nam số 46/2010/QH12; Căn cứ Luật Các tổ chức tín dụng số 32/2024/QH15 được sửa đổi, bổ sung bởi Luật số 96/2025/QH15; Căn cứ Nghị định số 26/2025/NĐ-CP của Chính phủ quy định chức năng, nhiệ"
186888,62/2025/TT-NHNN,32/2024/QH15,Căn cứ,"ng kiểm soát nội bộ của tổ chức tín dụng là hợp tác xã, tổ chức tài chính vi mô Căn cứ Luật Ngân hàng Nhà nước Việt Nam số 46/2010/QH12; Căn cứ Luật Các tổ chức tín dụng số 32/2024/QH15 được sửa đổi, bổ sung bởi Luật số 96/2025/QH15; Căn cứ Nghị định số 26/2025/NĐ-CP của Chính phủ quy định chức năng, nhiệ"
186888,62/2025/TT-NHNN,96/2025/QH15,Căn cứ,"ng kiểm soát nội bộ của tổ chức tín dụng là hợp tác xã, tổ chức tài chính vi mô Căn cứ Luật Ngân hàng Nhà nước Việt Nam số 46/2010/QH12; Căn cứ Luật Các tổ chức tín dụng số 32/2024/QH15 được sửa đổi, bổ sung bởi Luật số 96/2025/QH15; Căn cứ Nghị định số 26/2025/NĐ-CP của Chính phủ quy định chức năng, nhiệ"
186888,62/2025/TT-NHNN,46/2010/QH12,"Sửa đổi, bổ sung","Việt Nam số 46/2010/QH12; Căn cứ Luật Các tổ chức tín dụng số 32/2024/QH15 được sửa đổi, bổ sung bởi Luật số 96/2025/QH15; Căn cứ Nghị định số 26/2025/NĐ-CP của Chính phủ quy định chức năng, nhiệm vụ, quyền hạn và cơ cấu tổ chức của Ngân hàng Nhà nước Việt Nam; Theo đề nghị của Cục trưởng Cục An toàn hệ thống các t"
186888,62/2025/TT-NHNN,32/2024/QH15,"Sửa đổi, bổ sung","Việt Nam số 46/2010/QH12; Căn cứ Luật Các tổ chức tín dụng số 32/2024/QH15 được sửa đổi, bổ sung bởi Luật số 96/2025/QH15; Căn cứ Nghị định số 26/2025/NĐ-CP của Chính phủ quy định chức năng, nhiệm vụ, quyền hạn và cơ cấu tổ chức của Ngân hàng Nhà nước Việt Nam; Theo đề nghị của Cục trưởng Cục An toàn hệ thống các t"
186888,62/2025/TT-NHNN,96/2025/QH15,"Sửa đổi, bổ sung","Việt Nam số 46/2010/QH12; Căn cứ Luật Các tổ chức tín dụng số 32/2024/QH15 được sửa đổi, bổ sung bởi Luật số 96/2025/QH15; Căn cứ Nghị định số 26/2025/NĐ-CP của Chính phủ quy định chức năng, nhiệm vụ, quyền hạn và cơ cấu tổ chức của Ngân hàng Nhà nước Việt Nam; Theo đề nghị của Cục trưởng Cục An toàn hệ thống các t"
186888,62/2025/TT-NHNN,46/2010/QH12,"sửa đổi, bổ sung","Việt Nam số 46/2010/QH12; Căn cứ Luật Các tổ chức tín dụng số 32/2024/QH15 được sửa đổi, bổ sung bởi Luật số 96/2025/QH15; Căn cứ Nghị định số 26/2025/NĐ-CP của Chính phủ quy định chức năng, nhiệm vụ, quyền hạn và cơ cấu tổ chức của Ngân hàng Nhà nước Việt Nam; Theo đề nghị của Cục trưởng Cục An toàn hệ thống các t"
186888,62/2025/TT-NHNN,32/2024/QH15,"sửa đổi, bổ sung","Việt Nam số 46/2010/QH12; Căn cứ Luật Các tổ chức tín dụng số 32/2024/QH15 được sửa đổi, bổ sung bởi Luật số 96/2025/QH15; Căn cứ Nghị định số 26/2025/NĐ-CP của Chính phủ quy định chức năng, nhiệm vụ, quyền hạn và cơ cấu tổ chức của Ngân hàng Nhà nước Việt Nam; Theo đề nghị của Cục trưởng Cục An toàn hệ thống các t"
186888,62/2025/TT-NHNN,96/2025/QH15,"sửa đổi, bổ sung","Việt Nam số 46/2010/QH12; Căn cứ Luật Các tổ chức tín dụng số 32/2024/QH15 được sửa đổi, bổ sung bởi Luật số 96/2025/QH15; Căn cứ Nghị định số 26/2025/NĐ-CP của Chính phủ quy định chức năng, nhiệm vụ, quyền hạn và cơ cấu tổ chức của Ngân hàng Nhà nước Việt Nam; Theo đề nghị của Cục trưởng Cục An toàn hệ thống các t"
186888,62/2025/TT-NHNN,44/2011/TT-NHNN,bãi bỏ," hành 1. Thông tư này có hiệu lực từ ngày 01 tháng 01 năm 2027. 2. Thông tư này bãi bỏ Thông tư số 44/2011/TT-NHNN ngày 29 tháng 12 năm 2011 của Thống đốc Ngân hàng Nhà nước Việt Nam quy định về hệ thống kiểm soát nội bộ và kiểm toán nội bộ của tổ chức tín dụng, chi nhánh ngân hàng nước ngoài. Điều 57. Tr"
186888,62/2025/TT-NHNN,46/2010/QH12,reference,"Document Content NGÂN HÀNG NHÀ NƯỚC VIỆT NAM _________ Số: 62/2025/TT-NHNN CỘNG HÒA XÃ HỘI CHỦ NGHĨA VIỆT NAM Độc lập - Tự do - Hạnh phúc ________________________ Hà Nội, ngày 31 tháng 12 năm 2025 THÔNG TƯ Quy định về hệ"
186888,62/2025/TT-NHNN,32/2024/QH15,reference,"Document Content NGÂN HÀNG NHÀ NƯỚC VIỆT NAM _________ Số: 62/2025/TT-NHNN CỘNG HÒA XÃ HỘI CHỦ NGHĨA VIỆT NAM Độc lập - Tự do - Hạnh phúc ________________________ Hà Nội, ngày 31 tháng 12 năm 2025 THÔNG TƯ Quy định về hệ"
186888,62/2025/TT-NHNN,96/2025/QH15,reference,"Document Content NGÂN HÀNG NHÀ NƯỚC VIỆT NAM _________ Số: 62/2025/TT-NHNN CỘNG HÒA XÃ HỘI CHỦ NGHĨA VIỆT NAM Độc lập - Tự do - Hạnh phúc ________________________ Hà Nội, ngày 31 tháng 12 năm 2025 THÔNG TƯ Quy định về hệ"
186888,62/2025/TT-NHNN,44/2011/TT-NHNN,reference,"Document Content NGÂN HÀNG NHÀ NƯỚC VIỆT NAM _________ Số: 62/2025/TT-NHNN CỘNG HÒA XÃ HỘI CHỦ NGHĨA VIỆT NAM Độc lập - Tự do - Hạnh phúc ________________________ Hà Nội, ngày 31 tháng 12 năm 2025 THÔNG TƯ Quy định về hệ"
25692,46/2010/QH12,51/2001/QH10,Căn cứ,"LUẬT Ngân hàng Nhà nước Việt Nam ________________ Căn cứ Hiến pháp nước Cộng hoà xã hội chủ nghĩa Việt Nam năm 1992 đã được sửa đổi, bổ sung một số điều theo Nghị quyết số 51/2001/QH10; Quốc hội ban hành Luật Ngân hàng Nhà nước Việt Nam. Chương I NHỮNG QUY ĐỊNH CHUNG Điều 1. "
25692,46/2010/QH12,51/2001/QH10,"Sửa đổi, bổ sung","_____ Căn cứ Hiến pháp nước Cộng hoà xã hội chủ nghĩa Việt Nam năm 1992 đã được sửa đổi, bổ sung một số điều theo Nghị quyết số 51/2001/QH10; Quốc hội ban hành Luật Ngân hàng Nhà nước Việt Nam. Chương I NHỮNG QUY ĐỊNH CHUNG Điều 1. Phạm vi điều chỉnh Luật này quy định về tổ chức và hoạt động của Ngân hàng Nhà nước "
25692,46/2010/QH12,01/1997/QH10,"Sửa đổi, bổ sung"," tháng 01 năm 2011. 2. Luật Ngân hàng Nhà nước Việt Nam số 01/1997/QH10 và Luật sửa đổi, bổ sung một số điều của Luật Ngân hàng Nhà nước Việt Nam số 10/2003/QH11 hết hiệu lực kể từ ngày Luật này có hiệu lực. Điều 66. Quy định chi tiết và hướng dẫn thi hành Chính phủ quy định chi tiết và hướng dẫn thi hành các điều,"
25692,46/2010/QH12,10/2003/QH11,"Sửa đổi, bổ sung"," tháng 01 năm 2011. 2. Luật Ngân hàng Nhà nước Việt Nam số 01/1997/QH10 và Luật sửa đổi, bổ sung một số điều của Luật Ngân hàng Nhà nước Việt Nam số 10/2003/QH11 hết hiệu lực kể từ ngày Luật này có hiệu lực. Điều 66. Quy định chi tiết và hướng dẫn thi hành Chính phủ quy định chi tiết và hướng dẫn thi hành các điều,"
25692,46/2010/QH12,51/2001/QH10,"sửa đổi, bổ sung","_____ Căn cứ Hiến pháp nước Cộng hoà xã hội chủ nghĩa Việt Nam năm 1992 đã được sửa đổi, bổ sung một số điều theo Nghị quyết số 51/2001/QH10; Quốc hội ban hành Luật Ngân hàng Nhà nước Việt Nam. Chương I NHỮNG QUY ĐỊNH CHUNG Điều 1. Phạm vi điều chỉnh Luật này quy định về tổ chức và hoạt động của Ngân hàng Nhà nước "
25692,46/2010/QH12,01/1997/QH10,"sửa đổi, bổ sung"," tháng 01 năm 2011. 2. Luật Ngân hàng Nhà nước Việt Nam số 01/1997/QH10 và Luật sửa đổi, bổ sung một số điều của Luật Ngân hàng Nhà nước Việt Nam số 10/2003/QH11 hết hiệu lực kể từ ngày Luật này có hiệu lực. Điều 66. Quy định chi tiết và hướng dẫn thi hành Chính phủ quy định chi tiết và hướng dẫn thi hành các điều,"
25692,46/2010/QH12,10/2003/QH11,"sửa đổi, bổ sung"," tháng 01 năm 2011. 2. Luật Ngân hàng Nhà nước Việt Nam số 01/1997/QH10 và Luật sửa đổi, bổ sung một số điều của Luật Ngân hàng Nhà nước Việt Nam số 10/2003/QH11 hết hiệu lực kể từ ngày Luật này có hiệu lực. Điều 66. Quy định chi tiết và hướng dẫn thi hành Chính phủ quy định chi tiết và hướng dẫn thi hành các điều,"
25692,46/2010/QH12,51/2001/QH10,reference,"LUẬT Ngân hàng Nhà nước Việt Nam ________________ Căn cứ Hiến pháp nước Cộng hoà xã hội chủ nghĩa Việt Nam năm 1992 đã được sửa đổi, bổ sung một số điều theo Nghị quyết số 51/2001/QH10; Quốc hội ban hành Luật Ngân hàng N"
25692,46/2010/QH12,01/1997/QH10,reference,"LUẬT Ngân hàng Nhà nước Việt Nam ________________ Căn cứ Hiến pháp nước Cộng hoà xã hội chủ nghĩa Việt Nam năm 1992 đã được sửa đổi, bổ sung một số điều theo Nghị quyết số 51/2001/QH10; Quốc hội ban hành Luật Ngân hàng N"
25692,46/2010/QH12,10/2003/QH11,reference,"LUẬT Ngân hàng Nhà nước Việt Nam ________________ Căn cứ Hiến pháp nước Cộng hoà xã hội chủ nghĩa Việt Nam năm 1992 đã được sửa đổi, bổ sung một số điều theo Nghị quyết số 51/2001/QH10; Quốc hội ban hành Luật Ngân hàng N"
26750,67/2011/QH12,51/2001/QH10,Căn cứ,"nh phúc Số: 67/2011/QH12 Ngày 29 tháng 3 năm 2011 LUẬT Kiểm toán độc lập ______ Căn cứ Hiến pháp nước Cộng hòa xã hội chủ nghĩa Việt Nam năm 1992 đã được sửa đổi, bổ sung một số điều theo Nghị quyết số 51/2001/QH10; Quốc hội ban hành Luật Kiểm toán độc lập, Chương I NHỮNG QUY ĐỊNH CHUNG Điều 1. Phạm vi đi"
26750,67/2011/QH12,51/2001/QH10,"Sửa đổi, bổ sung","_____ Căn cứ Hiến pháp nước Cộng hòa xã hội chủ nghĩa Việt Nam năm 1992 đã được sửa đổi, bổ sung một số điều theo Nghị quyết số 51/2001/QH10; Quốc hội ban hành Luật Kiểm toán độc lập, Chương I NHỮNG QUY ĐỊNH CHUNG Điều 1. Phạm vi điều chỉnh Luật này quy định nguyên tắc, điều kiện, phạm vi, hình thức hoạt động kiểm "
26750,67/2011/QH12,51/2001/QH10,"sửa đổi, bổ sung","_____ Căn cứ Hiến pháp nước Cộng hòa xã hội chủ nghĩa Việt Nam năm 1992 đã được sửa đổi, bổ sung một số điều theo Nghị quyết số 51/2001/QH10; Quốc hội ban hành Luật Kiểm toán độc lập, Chương I NHỮNG QUY ĐỊNH CHUNG Điều 1. Phạm vi điều chỉnh Luật này quy định nguyên tắc, điều kiện, phạm vi, hình thức hoạt động kiểm "
26750,67/2011/QH12,51/2001/QH10,reference,QUỐC HỘI CỘNG HÒA XÃ HỘI CHỦ NGHĨA VIỆT NAM Độc lập – Tự do – Hạnh phúc Số: 67/2011/QH12 Ngày 29 tháng 3 năm 2011 LUẬT Kiểm toán độc lập ______ Căn cứ Hiến pháp nước Cộng hòa xã hội chủ nghĩa Việt Nam năm 1992 đã được sử
27257,44/2011/TT-NHNN,46/2010/QH12,Căn cứ,"nội bộ và kiểm toán nội bộ của tổ chức tín dụng, chi nhánh ngân hàng nước ngoài Căn cứ Luật Ngân hàng Nhà nước Việt Nam số 46/2010/QH12 ngày 16 tháng 6 năm 2010; Căn cứ Luật Các tổ chức tín dụng số 47/2010/QH12 ngày 16 tháng 6 năm 2010; Căn cứ Nghị định số 96/2008/NĐ-CP ngày 26/8/2008 của Chính phủ quy đị"
27257,44/2011/TT-NHNN,47/2010/QH12,Căn cứ,"nội bộ và kiểm toán nội bộ của tổ chức tín dụng, chi nhánh ngân hàng nước ngoài Căn cứ Luật Ngân hàng Nhà nước Việt Nam số 46/2010/QH12 ngày 16 tháng 6 năm 2010; Căn cứ Luật Các tổ chức tín dụng số 47/2010/QH12 ngày 16 tháng 6 năm 2010; Căn cứ Nghị định số 96/2008/NĐ-CP ngày 26/8/2008 của Chính phủ quy đị"
27257,44/2011/TT-NHNN,46/2010/QH12,reference,"NGÂN HÀNG NHÀ NƯỚC VIỆT NAM ------- CỘNG HÒA XÃ HỘI CHỦ NGHĨA VIỆT NAM Độc lập - Tự do - Hạnh phúc --------------- Số: 44/2011/TT-NHNN Hà Nội, ngày 29 tháng 12 năm 2011 THÔNG TƯ Q uy định về hệ thống kiểm soát nội bộ và "
27257,44/2011/TT-NHNN,47/2010/QH12,reference,"NGÂN HÀNG NHÀ NƯỚC VIỆT NAM ------- CỘNG HÒA XÃ HỘI CHỦ NGHĨA VIỆT NAM Độc lập - Tự do - Hạnh phúc --------------- Số: 44/2011/TT-NHNN Hà Nội, ngày 29 tháng 12 năm 2011 THÔNG TƯ Q uy định về hệ thống kiểm soát nội bộ và "
30402,202/2012/TT-BTC,67/2011/QH12,Căn cứ,ý và công khai danh sách kiểm toán viên hành nghề kiểm toán ___________________ Căn cứ Luật Kiểm toán độc lập số 67/2011/QH12 ngày 29 tháng 3 năm 2011; Căn cứ Nghị định số 17/2012/NĐ-CP ngày 13/3/2012 của Chính phủ quy định chi tiết và hướng dẫn thi hành một số điều của Luật kiểm toán độc lập; Căn cứ Nghị
30402,202/2012/TT-BTC,67/2011/QH12,reference,"BỘ TÀI CHÍNH CỘNG HÒA XÃ HỘI CHỦ NGHĨA VIỆT NAM Độc lập – Tự do – Hạnh phúc Số: 202/2012/TT-BTC Hà Nội, ngày 19 tháng 11 năm 2012 THÔNG TƯ Hướng dẫn về đăng ký, quản lý và công khai danh sách kiểm toán viên hành nghề kiể"
30402,202/2012/TT-BTC,64/2004/TT-BTC,reference,"BỘ TÀI CHÍNH CỘNG HÒA XÃ HỘI CHỦ NGHĨA VIỆT NAM Độc lập – Tự do – Hạnh phúc Số: 202/2012/TT-BTC Hà Nội, ngày 19 tháng 11 năm 2012 THÔNG TƯ Hướng dẫn về đăng ký, quản lý và công khai danh sách kiểm toán viên hành nghề kiể"
38128,37/2014/TT-NHNN,46/2010/QH12,Căn cứ,"hiết kế mẫu tiền, chế bản và quản lý in, đúc tiền Việt Nam ____________________ Căn cứ Luật Ngân hàng Nhà nước Việt Nam số 46/2010/QH12 ; Căn cứ Nghị định số 156/2013/NĐ-CP ngày 11/11/2013 của Chính phủ quy định chức năng, nhiệm vụ, quyền hạn và cơ cấu tổ chức của Ngân hàng Nhà nước Việt Nam; Căn cứ Nghị "
38128,37/2014/TT-NHNN,23/2009/TT-NHNN,thay thế,"hoản thi hành Thông tư này có hiệu lực thi hành từ ngày 12 tháng 01 năm 2015 và thay thế Thông tư số 23/2009/TT-NHNN ngày 02/12/2009 quy định việc thiết kế mẫu, chế bản và quản lý in, đúc tiền Việt Nam. Điều 22. Trách nhiệm tổ chức thực hiện Chánh Văn phòng, Cục trưởng Cục Phát hành và Kho quỹ, Vụ trưởng Vụ"
38128,37/2014/TT-NHNN,46/2010/QH12,reference,"NGÂN HÀNG NHÀ NƯỚC VIỆT NAM CỘNG HÒA XÃ HỘI CHỦ NGHĨA VIỆT NAM Độc lập – Tự do – Hạnh phúc Số: 37/2014/TT-NHNN Hà Nội, Ngày 26 tháng 11 năm 2014 THÔNG TƯ Q uy định việc thiết kế mẫu tiền, chế bản và quản lý in, đúc tiền "
38128,37/2014/TT-NHNN,23/2009/TT-NHNN,reference,"NGÂN HÀNG NHÀ NƯỚC VIỆT NAM CỘNG HÒA XÃ HỘI CHỦ NGHĨA VIỆT NAM Độc lập – Tự do – Hạnh phúc Số: 37/2014/TT-NHNN Hà Nội, Ngày 26 tháng 11 năm 2014 THÔNG TƯ Q uy định việc thiết kế mẫu tiền, chế bản và quản lý in, đúc tiền "
44209,01/2014/TT-NHNN,46/2010/QH12,Căn cứ,"y định về giao nhận, bảo quản, vận chuyển tiền mặt, tài sản quý, giấy tờ có giá Căn cứ Luật Ngân hàng Nhà nước Việt Nam số 46/2010/QH12 ngày 16 tháng 6 năm 2010; Căn cứ Luật Các tổ chức tín dụng số 47/2010/QH12 ngày 16 tháng 6 năm 2010; Căn cứ Nghị định số 156/2013/NĐ-CP ngày 11 tháng 11 năm 2013 của Chín"
44209,01/2014/TT-NHNN,47/2010/QH12,Căn cứ,"y định về giao nhận, bảo quản, vận chuyển tiền mặt, tài sản quý, giấy tờ có giá Căn cứ Luật Ngân hàng Nhà nước Việt Nam số 46/2010/QH12 ngày 16 tháng 6 năm 2010; Căn cứ Luật Các tổ chức tín dụng số 47/2010/QH12 ngày 16 tháng 6 năm 2010; Căn cứ Nghị định số 156/2013/NĐ-CP ngày 11 tháng 11 năm 2013 của Chín"
44209,01/2014/TT-NHNN,21/2011/TT-NHNN,"Sửa đổi, bổ sung","t, tài sản quý, giấy tờ có giá; b) Quyết định số 27/2007/QĐ-NHNN ngày 21/6/2007 sửa đổi, bổ sung một số Điều của Chế độ giao nhận, bảo quản, vận chuyển tiền mặt, tài sản quý, giấy tờ có giá ban hành theo Quyết định số 60/2006/QĐ-NHNN; c) Thông tư số 21/2011/TT-NHNN ngày 30/8/2011 sửa đổi, bổ sung Khoản 5 Điều 3 Chế"
44209,01/2014/TT-NHNN,21/2011/TT-NHNN,"sửa đổi, bổ sung","t, tài sản quý, giấy tờ có giá; b) Quyết định số 27/2007/QĐ-NHNN ngày 21/6/2007 sửa đổi, bổ sung một số Điều của Chế độ giao nhận, bảo quản, vận chuyển tiền mặt, tài sản quý, giấy tờ có giá ban hành theo Quyết định số 60/2006/QĐ-NHNN; c) Thông tư số 21/2011/TT-NHNN ngày 30/8/2011 sửa đổi, bổ sung Khoản 5 Điều 3 Chế"
44209,01/2014/TT-NHNN,46/2010/QH12,reference,"NGÂN HÀNG NHÀ NƯỚC VIỆT NAM ------- CỘNG HÒA XÃ HỘI CHỦ NGHĨA VIỆT NAM Độc lập - Tự do - Hạnh phúc --------------- Số: 01/2014/TT-NHNN Hà Nội, ngày 06 tháng 01 năm 2014 THÔNG TƯ Quy định về giao nhận, bảo quản, vận chuyể"
44209,01/2014/TT-NHNN,47/2010/QH12,reference,"NGÂN HÀNG NHÀ NƯỚC VIỆT NAM ------- CỘNG HÒA XÃ HỘI CHỦ NGHĨA VIỆT NAM Độc lập - Tự do - Hạnh phúc --------------- Số: 01/2014/TT-NHNN Hà Nội, ngày 06 tháng 01 năm 2014 THÔNG TƯ Quy định về giao nhận, bảo quản, vận chuyể"
44209,01/2014/TT-NHNN,21/2011/TT-NHNN,reference,"NGÂN HÀNG NHÀ NƯỚC VIỆT NAM ------- CỘNG HÒA XÃ HỘI CHỦ NGHĨA VIỆT NAM Độc lập - Tự do - Hạnh phúc --------------- Số: 01/2014/TT-NHNN Hà Nội, ngày 06 tháng 01 năm 2014 THÔNG TƯ Quy định về giao nhận, bảo quản, vận chuyể"
6e689cd0-6f81-11f1-94d6-fd5d6d5ff793,52/VBHN-NHNN,12/2025/TT-NHNN,"Sửa đổi, bổ sung","văn phòng đại diện nước ngoài, có hiệu lực kể từ ngày 24 tháng 12 năm 2024 được sửa đổi, bổ sung bởi: 1. Thông tư số 12/2025/TT-NHNN ngày 30 tháng 6 năm 2025 của Thống đốc Ngân hàng Nhà nước Việt Nam sửa đổi, bổ sung một số điều của các Thông tư quy định hồ sơ, thủ tục cấp Giấy phép lần đầu của ngân hàng thương mại"
6e689cd0-6f81-11f1-94d6-fd5d6d5ff793,52/VBHN-NHNN,12/2025/TT-NHNN,"sửa đổi, bổ sung","văn phòng đại diện nước ngoài, có hiệu lực kể từ ngày 24 tháng 12 năm 2024 được sửa đổi, bổ sung bởi: 1. Thông tư số 12/2025/TT-NHNN ngày 30 tháng 6 năm 2025 của Thống đốc Ngân hàng Nhà nước Việt Nam sửa đổi, bổ sung một số điều của các Thông tư quy định hồ sơ, thủ tục cấp Giấy phép lần đầu của ngân hàng thương mại"
6e689cd0-6f81-11f1-94d6-fd5d6d5ff793,52/VBHN-NHNN,56/2024/TT-NHNN,reference,"CỘNG HÒA XÃ HỘI CHỦ NGHĨA VIỆT NAM Độc lập - Tự do - Hạnh phúc CỘNG HÒA XÃ HỘI CHỦ NGHĨA VIỆT NAM Độc lập - Tự do - Hạnh phúc CỘNG HÒA XÃ HỘI CHỦ NGHĨA VIỆT NAM Độc lập - Tự do - Hạnh phúc THÔNG TƯ Quy định hồ sơ, thủ tụ"
6e689cd0-6f81-11f1-94d6-fd5d6d5ff793,52/VBHN-NHNN,12/2025/TT-NHNN,reference,"CỘNG HÒA XÃ HỘI CHỦ NGHĨA VIỆT NAM Độc lập - Tự do - Hạnh phúc CỘNG HÒA XÃ HỘI CHỦ NGHĨA VIỆT NAM Độc lập - Tự do - Hạnh phúc CỘNG HÒA XÃ HỘI CHỦ NGHĨA VIỆT NAM Độc lập - Tự do - Hạnh phúc THÔNG TƯ Quy định hồ sơ, thủ tụ"
6e689cd0-6f81-11f1-94d6-fd5d6d5ff793,52/VBHN-NHNN,11/2026/TT-NHNN,reference,"CỘNG HÒA XÃ HỘI CHỦ NGHĨA VIỆT NAM Độc lập - Tự do - Hạnh phúc CỘNG HÒA XÃ HỘI CHỦ NGHĨA VIỆT NAM Độc lập - Tự do - Hạnh phúc CỘNG HÒA XÃ HỘI CHỦ NGHĨA VIỆT NAM Độc lập - Tự do - Hạnh phúc THÔNG TƯ Quy định hồ sơ, thủ tụ"
