source,target,relationship_type,method,confidence,evidence
112924,28/2005/PL-UBTVQH,THAM_CHIEU,rule,0.8,"ật sửa đổi, bổ sung một số điều của Luật Chứng khoán ngày 24 tháng 11 năm 2010; Căn cứ Luật Kinh doanh bảo hiểm ngày 09 tháng 12 năm 2000; Căn cứ Luật sửa đổi, bổ sung một số điều của Luật Kinh doanh bảo hiểm ngày 24 tháng 11 năm 2010; Căn cứ Pháp lệnh Ngoại hối số 28/2005/PL-UBTVQH ngày 13 tháng 12 năm 2"
112924,06/2013/PL-UBTVQH13,THAM_CHIEU,rule,0.8,"4 tháng 11 năm 2010; Căn cứ Luật Kinh doanh bảo hiểm ngày 09 tháng 12 năm 2000; Căn cứ Luật sửa đổi, bổ sung một số điều của Luật Kinh doanh bảo hiểm ngày 24 tháng 11 năm 2010; Căn cứ Pháp lệnh Ngoại hối số 28/2005/PL-UBTVQH ngày 13 tháng 12 năm 2005; Căn cứ Pháp lệnh số 06/2013/PL-UBTVQH13 ngày 18 tháng "
112924,28/2005/PL-UBTVQH,SUA_DOI_BO_SUNG,rule,0.8,"ăm 2010; Căn cứ Luật Kinh doanh bảo hiểm ngày 09 tháng 12 năm 2000; Căn cứ Luật sửa đổi, bổ sung một số điều của Luật Kinh doanh bảo hiểm ngày 24 tháng 11 năm 2010; Căn cứ Pháp lệnh Ngoại hối số 28/2005/PL-UBTVQH ngày 13 tháng 12 năm 2005; Căn cứ Pháp lệnh số 06/2013/PL-UBTVQH13 ngày 18 tháng 03 năm 2013 sửa đổi, b"
112924,06/2013/PL-UBTVQH13,SUA_DOI_BO_SUNG,rule,0.8,"ăm 2010; Căn cứ Luật Kinh doanh bảo hiểm ngày 09 tháng 12 năm 2000; Căn cứ Luật sửa đổi, bổ sung một số điều của Luật Kinh doanh bảo hiểm ngày 24 tháng 11 năm 2010; Căn cứ Pháp lệnh Ngoại hối số 28/2005/PL-UBTVQH ngày 13 tháng 12 năm 2005; Căn cứ Pháp lệnh số 06/2013/PL-UBTVQH13 ngày 18 tháng 03 năm 2013 sửa đổi, b"
112924,28/2005/PL-UBTVQH,THAM_CHIEU,rule,0.8,"BỘ TÀI CHÍNH CỘNG HÒA XÃ HỘI CHỦ NGHĨA VIỆT NAM Độc lập – Tự do – Hạnh phúc Số: 105/2016/TT-BTC Hà Nội, ngày 29 tháng 06 năm 2016 THÔNG TƯ HƯỚNG DẪN HOẠT ĐỘNG ĐẦU TƯ GIÁN TIẾP RA NƯỚC NGOÀI CỦA TỔ CHỨC KINH DOANH CHỨNG K"
112924,06/2013/PL-UBTVQH13,THAM_CHIEU,rule,0.8,"BỘ TÀI CHÍNH CỘNG HÒA XÃ HỘI CHỦ NGHĨA VIỆT NAM Độc lập – Tự do – Hạnh phúc Số: 105/2016/TT-BTC Hà Nội, ngày 29 tháng 06 năm 2016 THÔNG TƯ HƯỚNG DẪN HOẠT ĐỘNG ĐẦU TƯ GIÁN TIẾP RA NƯỚC NGOÀI CỦA TỔ CHỨC KINH DOANH CHỨNG K"
117310,46/2010/QH12,THAM_CHIEU,rule,0.8,"TƯ Quy định tỷ lệ an toàn vốn đối với ngân hàng, chi nhánh ngân hàng nước ngoài Căn cứ Luật Ngân hàng Nhà nước Việt Nam số 46/2010/QH12 ngày 16 tháng 6 năm 2010; Căn cứ Luật các tổ chức tín dụng số 47/2010/QH12 ngày 16 tháng 6 năm 2010; Căn cứ Nghị định số 156/2013/NĐ-CP ngày 11 tháng 11 năm 2013 của Chín"
117310,47/2010/QH12,THAM_CHIEU,rule,0.8,"TƯ Quy định tỷ lệ an toàn vốn đối với ngân hàng, chi nhánh ngân hàng nước ngoài Căn cứ Luật Ngân hàng Nhà nước Việt Nam số 46/2010/QH12 ngày 16 tháng 6 năm 2010; Căn cứ Luật các tổ chức tín dụng số 47/2010/QH12 ngày 16 tháng 6 năm 2010; Căn cứ Nghị định số 156/2013/NĐ-CP ngày 11 tháng 11 năm 2013 của Chín"
117310,46/2010/QH12,THAM_CHIEU,rule,0.8,"NGÂN HÀNG NHÀ NƯỚC VIỆT NAM CỘNG HÒA XÃ HỘI CHỦ NGHĨA VIỆT NAM Độc lập – Tự do – Hạnh phúc Số: 41/2016/TT-NHNN Hà Nội, Ngày 30 tháng 12 năm 2016 THÔNG TƯ Quy định tỷ lệ an toàn vốn đối với ngân hàng, chi nhánh ngân hàng "
117310,47/2010/QH12,THAM_CHIEU,rule,0.8,"NGÂN HÀNG NHÀ NƯỚC VIỆT NAM CỘNG HÒA XÃ HỘI CHỦ NGHĨA VIỆT NAM Độc lập – Tự do – Hạnh phúc Số: 41/2016/TT-NHNN Hà Nội, Ngày 30 tháng 12 năm 2016 THÔNG TƯ Quy định tỷ lệ an toàn vốn đối với ngân hàng, chi nhánh ngân hàng "
143217,88/2015/QH,THAM_CHIEU,rule,0.8,2020 THÔNG TƯ Ban hành Quy chế mẫu về kiểm toán nội bộ áp dụng cho doanh nghiệp Căn cứ Luật kế toán số 88/2015/QH 13 ngày 20 tháng 11 năm 2015; Căn cứ Nghị định số 05/2019/NĐ-CP ngày 22 thảng 01 năm 2019 của Chính phủ về kiếm toán nội bộ; Căn cứ Nghị định số 87/2017/NĐ-CP ngày 26 tháng 7 năm 2017 của Chín
143217,88/2015/QH,THAM_CHIEU,rule,0.8,"BỘ TÀI CHÍNH Số: 66/2020/TT-BTC BỘ TÀI CHÍNH Số: 66/2020/TT-BTC CỘNG HÒA XÃ HỘI CHỦ NGHĨA VIỆT NAM Độc lập - Tự do - Hạnh phúc Hà Nội, ngày 10 tháng 7 năm 2020 THÔNG TƯ Ban hành Quy chế mẫu về kiểm toán nội bộ áp dụng ch"
150974,88/2015/QH13,THAM_CHIEU,rule,0.8,nghiệp kiểm toán nội bộ ̅ ̅ ̅ ̅ ̅ ̅ ̅ ̅ ̅ ̅ ̅ ̅ ̅ ̅ ̅ ̅ ̅ ̅ ̅ ̅ ̅ ̅ ̅ ̅ ̅ ̅ ̅ ̅ Căn cứ Luật kế toán số 88/2015/QH13 ngày 20 tháng 11 năm 2015; Căn cứ Nghị định 05/2019/NĐ-CP ngày 22 tháng 01 năm 2019 của Chính phủ về kiểm toán nội bộ; Căn cứ Nghị định số 87/2017/NĐ-CP ngày 26 tháng 7 năm 2017 của Chính ph
150974,8/2021/TT-BTC,THAM_CHIEU,rule,0.8,"BỘ TÀI CHÍNH CỘNG HOÀ XÃ HỘI CHỦ NGHĨA VIỆT NAM Độc lập - Tự do - Hạnh phúc Số: 8/2021/TT-BTC Hà Nội, ngày 25 tháng 01 năm 2021 THÔNG TƯ Ban hành chuẩn mực kiểm toán nội bộ Việt Nam và các nguyên tắc đạo đức nghề nghiệp "
150974,88/2015/QH13,THAM_CHIEU,rule,0.8,"BỘ TÀI CHÍNH CỘNG HOÀ XÃ HỘI CHỦ NGHĨA VIỆT NAM Độc lập - Tự do - Hạnh phúc Số: 8/2021/TT-BTC Hà Nội, ngày 25 tháng 01 năm 2021 THÔNG TƯ Ban hành chuẩn mực kiểm toán nội bộ Việt Nam và các nguyên tắc đạo đức nghề nghiệp "
163441,08/2022/QH15,THAM_CHIEU,rule,0.8, ĐỀ NGHỊ CẤP GIẤY PHÉP THÀNH LẬP VÀ HOẠT ĐỘNG Kính gửi: Bộ trưởng Bộ Tài chính. Căn cứ Luật Kinh doanh bảo hiểm số 08/2022/QH15 ngày 16/6/2022 và các văn bản hướng dẫn thi hành; Chúng tôi (sau đây gọi là chủ đầu tư) đề nghị Bộ Tài chính cấp Giấy phép thành lập và hoạt động cho (tên doanh nghiệp bảo hiểm/c
163441,16/2022/QH15,THAM_CHIEU,rule,0.8," ... / GPĐC... / VPĐD Hà Nội, ngày ... tháng ... năm ... BỘ TRƯỞNG BỘ TÀI CHÍNH Căn cứ Luật Kinh doanh bảo hiểm số 16/2022/QH15 ngày 16/6/2022; Căn cứ Nghị định số 14/2023/NĐ-CP ngày 20/4/2023 của Chính phủ quy định chức năng, nhiệm vụ, quyền hạn và cơ cấu tổ chức của Bộ Tài chính; Căn cứ Nghị định 46/202"
163441,08/2022/QH15,THAM_CHIEU,rule,0.8,"CHÍNH PHỦ _________ CỘNG HOÀ XÃ HỘI CHỦ NGHĨA VIỆT NAM Độc lập - Tự do - Hạnh phúc _________________ Số: 46/2023/NĐ-CP Hà Nội, ngày 01 tháng 7 năm 2023 NGHỊ ĐỊNH Quy định chi tiết thi hành một số điều của Luật Kinh doanh"
163441,16/2022/QH15,THAM_CHIEU,rule,0.8,"CHÍNH PHỦ _________ CỘNG HOÀ XÃ HỘI CHỦ NGHĨA VIỆT NAM Độc lập - Tự do - Hạnh phúc _________________ Số: 46/2023/NĐ-CP Hà Nội, ngày 01 tháng 7 năm 2023 NGHỊ ĐỊNH Quy định chi tiết thi hành một số điều của Luật Kinh doanh"
164719,41/2016/TT-NHNN,SUA_DOI_BO_SUNG,rule,0.8,"ự do – Hạnh phúc Số: 22/2023/TT-NHNN Hà Nội, ngày 29 tháng 12 năm 2023 THÔNG TƯ Sửa đổi, bổ sung một số điều của Thông tư số 41/2016/TT-NHNN ngày 30 tháng 12 năm 2016 của Thống đốc Ngân hàng Nhà nước Việt Nam quy định tỷ lệ an toàn vốn đối với ngân hàng, chi nhánh ngân hàng nước ngoài Căn cứ Luật Ngân hàng Nhà nước"
164719,41/2016/TT-NHNN,THAY_THE_BOI,rule,0.8,"đốc Ngân hàng Nhà nước trong việc chấp hành quy định tại Thông tư này."" Điều 2. Thay thế Phụ lục 01, Phụ lục 02, Phụ lục 03, Phụ lục 04 và Phụ lục 06 của Thông tư số 41/2016/TT-NHNN bằng Phụ lục 01, Phụ lục 02, Phụ lục 03, Phụ lục 04 và Phụ lục 06 ban hành kèm theo Thông tư này. Điều 3. Trách nhiệm tổ chức "
164719,41/2016/TT-NHNN,THAM_CHIEU,rule,0.8,"NGÂN HÀNG NHÀ NƯỚC VIỆT NAM CỘNG HÒA XÃ HỘI CHỦ NGHĨA VIỆT NAM Độc lập – Tự do – Hạnh phúc Số: 22/2023/TT-NHNN Hà Nội, ngày 29 tháng 12 năm 2023 THÔNG TƯ Sửa đổi, bổ sung một số điều của Thông tư số 41/2016/TT-NHNN ngày "
166170,47/2010/QH12,SUA_DOI_BO_SUNG,rule,0.8,"ngày 01 tháng 01 năm 2025. 3. Luật Các tổ chức tín dụng số 47/2010/QH12 đã được sửa đổi, bổ sung một số điều theo Luật số 17/2017/QH14 hết hiệu lực kể từ ngày Luật này có hiệu lực thi hành, trừ quy định tại các khoản 1, 2, 3, 4, 8, 9, 12 và 14 Điều 210 của Luật này. Điều 210. Quy định chuyển tiếp 1. Tổ chức tín dụn"
166170,17/2017/QH14,SUA_DOI_BO_SUNG,rule,0.8,"ngày 01 tháng 01 năm 2025. 3. Luật Các tổ chức tín dụng số 47/2010/QH12 đã được sửa đổi, bổ sung một số điều theo Luật số 17/2017/QH14 hết hiệu lực kể từ ngày Luật này có hiệu lực thi hành, trừ quy định tại các khoản 1, 2, 3, 4, 8, 9, 12 và 14 Điều 210 của Luật này. Điều 210. Quy định chuyển tiếp 1. Tổ chức tín dụn"
166170,47/2010/QH12,THAM_CHIEU,rule,0.8,QUỐC HỘI CỘNG HÒA XÃ HỘI CHỦ NGHĨA VIỆT NAM Độc lập - Tự do - Hạnh phúc Luật số: 32/2024/QH15 LUẬT CÁC TỔ CHỨC TÍN DỤNG Căn cứ Hiến pháp nước Cộng hòa xã hội chủ nghĩa Việt Nam; Quốc hội ban hành Luật Các tổ chức tín dụn
166170,17/2017/QH14,THAM_CHIEU,rule,0.8,QUỐC HỘI CỘNG HÒA XÃ HỘI CHỦ NGHĨA VIỆT NAM Độc lập - Tự do - Hạnh phúc Luật số: 32/2024/QH15 LUẬT CÁC TỔ CHỨC TÍN DỤNG Căn cứ Hiến pháp nước Cộng hòa xã hội chủ nghĩa Việt Nam; Quốc hội ban hành Luật Các tổ chức tín dụn
166170,42/2017/QH14,THAM_CHIEU,rule,0.8,QUỐC HỘI CỘNG HÒA XÃ HỘI CHỦ NGHĨA VIỆT NAM Độc lập - Tự do - Hạnh phúc Luật số: 32/2024/QH15 LUẬT CÁC TỔ CHỨC TÍN DỤNG Căn cứ Hiến pháp nước Cộng hòa xã hội chủ nghĩa Việt Nam; Quốc hội ban hành Luật Các tổ chức tín dụn
166170,29/2023/QH15,THAM_CHIEU,rule,0.8,QUỐC HỘI CỘNG HÒA XÃ HỘI CHỦ NGHĨA VIỆT NAM Độc lập - Tự do - Hạnh phúc Luật số: 32/2024/QH15 LUẬT CÁC TỔ CHỨC TÍN DỤNG Căn cứ Hiến pháp nước Cộng hòa xã hội chủ nghĩa Việt Nam; Quốc hội ban hành Luật Các tổ chức tín dụn
166269,23/2012/QH13,THAM_CHIEU,rule,0.8,QUỐC HỘI CỘNG HÒA XÃ HỘI CHỦ NGHĨA VIỆT NAM Độc lập – Tự do – Hạnh phúc Số: 17/2023/QH15 Ngày 20 tháng 6 năm 2023 LUẬT HỢP TÁC XÃ ____________ Căn cứ Hiến pháp nước Cộng hòa xã hội chủ nghĩa Việt Nam; Quốc hội ban hành L
168220,09/2016/TT-NHNN,SUA_DOI_BO_SUNG,rule,0.8,"ề ngân hàng hợp tác xã; b) Thông tư số 09/2016/TT-NHNN ngày 17 tháng 6 năm 2016 sửa đổi, bổ sung một số điều của Thông tư số 31/2012/TT-NHNN ngày 26/11/2012 của Thống đốc Ngân hàng Nhà nước quy định về ngân hàng hợp tác xã; c) Thông tư số 03/2014/TT-NHNN ngày 23 tháng 01 năm 2014 của Thống đốc Ngân hàng Nhà nước qu"
168220,31/2012/TT-NHNN,SUA_DOI_BO_SUNG,rule,0.8,"ề ngân hàng hợp tác xã; b) Thông tư số 09/2016/TT-NHNN ngày 17 tháng 6 năm 2016 sửa đổi, bổ sung một số điều của Thông tư số 31/2012/TT-NHNN ngày 26/11/2012 của Thống đốc Ngân hàng Nhà nước quy định về ngân hàng hợp tác xã; c) Thông tư số 03/2014/TT-NHNN ngày 23 tháng 01 năm 2014 của Thống đốc Ngân hàng Nhà nước qu"
168220,03/2014/TT-NHNN,SUA_DOI_BO_SUNG,rule,0.8,"ề ngân hàng hợp tác xã; b) Thông tư số 09/2016/TT-NHNN ngày 17 tháng 6 năm 2016 sửa đổi, bổ sung một số điều của Thông tư số 31/2012/TT-NHNN ngày 26/11/2012 của Thống đốc Ngân hàng Nhà nước quy định về ngân hàng hợp tác xã; c) Thông tư số 03/2014/TT-NHNN ngày 23 tháng 01 năm 2014 của Thống đốc Ngân hàng Nhà nước qu"
168220,21/2019/TT-NHNN,SUA_DOI_BO_SUNG,rule,0.8," dân; d) Điều 1 và Điều 5 Thông tư số 21/2019/TT-NHNN ngày 14 tháng 11 năm 2019 sửa đổi, bổ sung một số điều của các Thông tư quy định về ngân hàng hợp tác xã, quỹ tín dụng nhân dân và quỹ bảo đảm an toàn hệ thống quỹ tín dụng nhân dân; đ) Điều 1 Thông tư số 24/2023/TT-NHNN ngày 30 tháng 12 năm 2023 sửa đổi, bổ sun"
168220,24/2023/TT-NHNN,SUA_DOI_BO_SUNG,rule,0.8," dân; d) Điều 1 và Điều 5 Thông tư số 21/2019/TT-NHNN ngày 14 tháng 11 năm 2019 sửa đổi, bổ sung một số điều của các Thông tư quy định về ngân hàng hợp tác xã, quỹ tín dụng nhân dân và quỹ bảo đảm an toàn hệ thống quỹ tín dụng nhân dân; đ) Điều 1 Thông tư số 24/2023/TT-NHNN ngày 30 tháng 12 năm 2023 sửa đổi, bổ sun"
168220,21/2023/TT-NHNN,SUA_DOI_BO_SUNG,rule,0.8," dụng nhân dân; đ) Điều 1 Thông tư số 24/2023/TT-NHNN ngày 30 tháng 12 năm 2023 sửa đổi, bổ sung một số điều của các Thông tư liên quan đến việc nộp, xuất trình, cung cấp thông tin, giấy tờ về dân cư khi thực hiện thủ tục hành chính trong lĩnh vực thành lập và hoạt động ngân hàng. đ) Điều 2 Thông tư 21/2023/TT-NHNN"
168220,31/2012/TT-NHNN,THAM_CHIEU,rule,0.8,"i hành 1. Thông tư này có hiệu lực từ ngày 01 tháng 7 năm 2024. 2. Thông tư này bãi bỏ: a) Thông tư số 31/2012/TT-NHNN ngày 26 tháng 11 năm 2012 của Thống đốc Ngân hàng Nhà nước quy định về ngân hàng hợp tác xã; b) Thông tư số 09/2016/TT-NHNN ngày 17 tháng 6 năm 2016 sửa đổi, bổ sung một số điều của Thông"
168220,09/2016/TT-NHNN,THAM_CHIEU,rule,0.8,"i hành 1. Thông tư này có hiệu lực từ ngày 01 tháng 7 năm 2024. 2. Thông tư này bãi bỏ: a) Thông tư số 31/2012/TT-NHNN ngày 26 tháng 11 năm 2012 của Thống đốc Ngân hàng Nhà nước quy định về ngân hàng hợp tác xã; b) Thông tư số 09/2016/TT-NHNN ngày 17 tháng 6 năm 2016 sửa đổi, bổ sung một số điều của Thông"
168220,31/2012/TT-NHNN,THAM_CHIEU,rule,0.8,"NGÂN HÀNG NHÀ NƯỚC VIỆT NAM --------- CỘNG HÒA XÃ HỘI CHỦ NGHĨA VIỆT NAM Độc lập - Tự do - Hạnh phúc ---------------------------- Số: 27 /2024/TT-NHNN Hà Nội, ngày 28 tháng 6 năm 2024 THÔNG TƯ Quy định về ngân hàng hợp t"
168220,09/2016/TT-NHNN,THAM_CHIEU,rule,0.8,"NGÂN HÀNG NHÀ NƯỚC VIỆT NAM --------- CỘNG HÒA XÃ HỘI CHỦ NGHĨA VIỆT NAM Độc lập - Tự do - Hạnh phúc ---------------------------- Số: 27 /2024/TT-NHNN Hà Nội, ngày 28 tháng 6 năm 2024 THÔNG TƯ Quy định về ngân hàng hợp t"
168220,03/2014/TT-NHNN,THAM_CHIEU,rule,0.8,"NGÂN HÀNG NHÀ NƯỚC VIỆT NAM --------- CỘNG HÒA XÃ HỘI CHỦ NGHĨA VIỆT NAM Độc lập - Tự do - Hạnh phúc ---------------------------- Số: 27 /2024/TT-NHNN Hà Nội, ngày 28 tháng 6 năm 2024 THÔNG TƯ Quy định về ngân hàng hợp t"
168220,21/2019/TT-NHNN,THAM_CHIEU,rule,0.8,"NGÂN HÀNG NHÀ NƯỚC VIỆT NAM --------- CỘNG HÒA XÃ HỘI CHỦ NGHĨA VIỆT NAM Độc lập - Tự do - Hạnh phúc ---------------------------- Số: 27 /2024/TT-NHNN Hà Nội, ngày 28 tháng 6 năm 2024 THÔNG TƯ Quy định về ngân hàng hợp t"
168220,24/2023/TT-NHNN,THAM_CHIEU,rule,0.8,"NGÂN HÀNG NHÀ NƯỚC VIỆT NAM --------- CỘNG HÒA XÃ HỘI CHỦ NGHĨA VIỆT NAM Độc lập - Tự do - Hạnh phúc ---------------------------- Số: 27 /2024/TT-NHNN Hà Nội, ngày 28 tháng 6 năm 2024 THÔNG TƯ Quy định về ngân hàng hợp t"
168220,21/2023/TT-NHNN,THAM_CHIEU,rule,0.8,"NGÂN HÀNG NHÀ NƯỚC VIỆT NAM --------- CỘNG HÒA XÃ HỘI CHỦ NGHĨA VIỆT NAM Độc lập - Tự do - Hạnh phúc ---------------------------- Số: 27 /2024/TT-NHNN Hà Nội, ngày 28 tháng 6 năm 2024 THÔNG TƯ Quy định về ngân hàng hợp t"
168859,06/2007/TT-NHNN,SUA_DOI_BO_SUNG,rule,0.8,"ư số 06/2007/TT-NHNN ngày 06 tháng 11 năm 2007 của Thống đốc Ngân hàng Nhà nước sửa đổi, bổ sung Thông tư số 08/2005/TT-NHNN ngày 30 tháng 12 năm 2005 của Ngân hàng Nhà nước hướng dẫn thực hiện Nghị định số 48/2001/NĐ-CP ngày 13/8/2001 về tổ chức và hoạt động của quỹ tín dụng nhân dân và Nghị định số 69/2005/NĐ-CP "
168859,08/2005/TT-NHNN,SUA_DOI_BO_SUNG,rule,0.8,"ư số 06/2007/TT-NHNN ngày 06 tháng 11 năm 2007 của Thống đốc Ngân hàng Nhà nước sửa đổi, bổ sung Thông tư số 08/2005/TT-NHNN ngày 30 tháng 12 năm 2005 của Ngân hàng Nhà nước hướng dẫn thực hiện Nghị định số 48/2001/NĐ-CP ngày 13/8/2001 về tổ chức và hoạt động của quỹ tín dụng nhân dân và Nghị định số 69/2005/NĐ-CP "
168859,06/2017/TT-NHNN,SUA_DOI_BO_SUNG,rule,0.8,"nhân dân; b) Thông tư số 06/2017/TT-NHNN ngày 05/7/2017 của Thống đốc Ngân hàng sửa đổi, bổ sung một số điều của Thông tư số 03/2014/TT-NHNN ngày 23/01/2014 của Thống đốc Ngân hàng Nhà nước quy định về quỹ bảo đảm an toàn hệ thống quỹ tín dụng nhân dân và Thông tư số 04/2015/TT-NHNN ngày 31/03/2015 của Thống đốc Ng"
168859,03/2014/TT-NHNN,SUA_DOI_BO_SUNG,rule,0.8,"nhân dân; b) Thông tư số 06/2017/TT-NHNN ngày 05/7/2017 của Thống đốc Ngân hàng sửa đổi, bổ sung một số điều của Thông tư số 03/2014/TT-NHNN ngày 23/01/2014 của Thống đốc Ngân hàng Nhà nước quy định về quỹ bảo đảm an toàn hệ thống quỹ tín dụng nhân dân và Thông tư số 04/2015/TT-NHNN ngày 31/03/2015 của Thống đốc Ng"
168859,04/2015/TT-NHNN,SUA_DOI_BO_SUNG,rule,0.8,"nhân dân; b) Thông tư số 06/2017/TT-NHNN ngày 05/7/2017 của Thống đốc Ngân hàng sửa đổi, bổ sung một số điều của Thông tư số 03/2014/TT-NHNN ngày 23/01/2014 của Thống đốc Ngân hàng Nhà nước quy định về quỹ bảo đảm an toàn hệ thống quỹ tín dụng nhân dân và Thông tư số 04/2015/TT-NHNN ngày 31/03/2015 của Thống đốc Ng"
168859,21/2019/TT-NHNN,SUA_DOI_BO_SUNG,rule,0.8,"iều 6 Thông tư 21/2019/TT-NHNN ngày 14/11/2019 của Thống đốc Ngân hàng Nhà nước sửa đổi, bổ sung một số điều của các Thông tư quy định về ngân hàng hợp tác xã, quỹ tín dụng nhân dân và quỹ bảo đảm an toàn hệ thống quỹ tín dụng nhân dân; d) Thông tư số 01/2023/TT-NHNN ngày 01/3/2023 của Thống đốc Ngân hàng Nhà nước "
168859,01/2023/TT-NHNN,SUA_DOI_BO_SUNG,rule,0.8,"iều 6 Thông tư 21/2019/TT-NHNN ngày 14/11/2019 của Thống đốc Ngân hàng Nhà nước sửa đổi, bổ sung một số điều của các Thông tư quy định về ngân hàng hợp tác xã, quỹ tín dụng nhân dân và quỹ bảo đảm an toàn hệ thống quỹ tín dụng nhân dân; d) Thông tư số 01/2023/TT-NHNN ngày 01/3/2023 của Thống đốc Ngân hàng Nhà nước "
168859,24/2023/TT,SUA_DOI_BO_SUNG,rule,0.8," d) Thông tư số 01/2023/TT-NHNN ngày 01/3/2023 của Thống đốc Ngân hàng Nhà nước sửa đổi, bổ sung một số điều của Thông tư số 04/2015/TT-NHNN ngày 31/3/2015 của Thống đốc Ngân hàng Nhà nước Việt Nam quy định về quỹ tín dụng nhân dân; đ) Điều 2 Thông tư số 24/2023/TT- NHNN ngày 29/12/2023 của Thống đốc Ngân hàng Nhà "
168859,04/2015/TT-NHNN,THAM_CHIEU,rule,0.8," Thông tư này có hiệu lực thi hành từ ngày 01 tháng 7 năm 2024. 2. Thông tư này bãi bỏ: a) Thông tư 04/2015/TT-NHNN ngày 31/03/2015 của Thống đốc Ngân hàng Nhà nước quy định về quỹ tín dụng nhân dân; b) Thông tư số 06/2017/TT-NHNN ngày 05/7/2017 của Thống đốc Ngân hàng sửa đổi, bổ sung một số điều của Thô"
168859,06/2017/TT-NHNN,THAM_CHIEU,rule,0.8," Thông tư này có hiệu lực thi hành từ ngày 01 tháng 7 năm 2024. 2. Thông tư này bãi bỏ: a) Thông tư 04/2015/TT-NHNN ngày 31/03/2015 của Thống đốc Ngân hàng Nhà nước quy định về quỹ tín dụng nhân dân; b) Thông tư số 06/2017/TT-NHNN ngày 05/7/2017 của Thống đốc Ngân hàng sửa đổi, bổ sung một số điều của Thô"
168859,06/2007/TT-NHNN,THAM_CHIEU,rule,0.8,"NGÂN HÀNG NHÀ NƯỚC VIỆT NAM CỘNG HÒA XÃ HỘI CHỦ NGHĨA VIỆT NAM Độc lập – Tự do – Hạnh phúc Số: 29/2024/TT-NHNN Hà Nội, ngày 28 tháng 6 năm 2024 THÔNG TƯ Quy định về quỹ tín dụng nhân dân Căn cứ Luật Ngân hàng Nhà nước Vi"
168859,08/2005/TT-NHNN,THAM_CHIEU,rule,0.8,"NGÂN HÀNG NHÀ NƯỚC VIỆT NAM CỘNG HÒA XÃ HỘI CHỦ NGHĨA VIỆT NAM Độc lập – Tự do – Hạnh phúc Số: 29/2024/TT-NHNN Hà Nội, ngày 28 tháng 6 năm 2024 THÔNG TƯ Quy định về quỹ tín dụng nhân dân Căn cứ Luật Ngân hàng Nhà nước Vi"
168859,04/2015/TT-NHNN,THAM_CHIEU,rule,0.8,"NGÂN HÀNG NHÀ NƯỚC VIỆT NAM CỘNG HÒA XÃ HỘI CHỦ NGHĨA VIỆT NAM Độc lập – Tự do – Hạnh phúc Số: 29/2024/TT-NHNN Hà Nội, ngày 28 tháng 6 năm 2024 THÔNG TƯ Quy định về quỹ tín dụng nhân dân Căn cứ Luật Ngân hàng Nhà nước Vi"
168859,06/2017/TT-NHNN,THAM_CHIEU,rule,0.8,"NGÂN HÀNG NHÀ NƯỚC VIỆT NAM CỘNG HÒA XÃ HỘI CHỦ NGHĨA VIỆT NAM Độc lập – Tự do – Hạnh phúc Số: 29/2024/TT-NHNN Hà Nội, ngày 28 tháng 6 năm 2024 THÔNG TƯ Quy định về quỹ tín dụng nhân dân Căn cứ Luật Ngân hàng Nhà nước Vi"
168859,03/2014/TT-NHNN,THAM_CHIEU,rule,0.8,"NGÂN HÀNG NHÀ NƯỚC VIỆT NAM CỘNG HÒA XÃ HỘI CHỦ NGHĨA VIỆT NAM Độc lập – Tự do – Hạnh phúc Số: 29/2024/TT-NHNN Hà Nội, ngày 28 tháng 6 năm 2024 THÔNG TƯ Quy định về quỹ tín dụng nhân dân Căn cứ Luật Ngân hàng Nhà nước Vi"
168859,21/2019/TT-NHNN,THAM_CHIEU,rule,0.8,"NGÂN HÀNG NHÀ NƯỚC VIỆT NAM CỘNG HÒA XÃ HỘI CHỦ NGHĨA VIỆT NAM Độc lập – Tự do – Hạnh phúc Số: 29/2024/TT-NHNN Hà Nội, ngày 28 tháng 6 năm 2024 THÔNG TƯ Quy định về quỹ tín dụng nhân dân Căn cứ Luật Ngân hàng Nhà nước Vi"
168859,01/2023/TT-NHNN,THAM_CHIEU,rule,0.8,"NGÂN HÀNG NHÀ NƯỚC VIỆT NAM CỘNG HÒA XÃ HỘI CHỦ NGHĨA VIỆT NAM Độc lập – Tự do – Hạnh phúc Số: 29/2024/TT-NHNN Hà Nội, ngày 28 tháng 6 năm 2024 THÔNG TƯ Quy định về quỹ tín dụng nhân dân Căn cứ Luật Ngân hàng Nhà nước Vi"
168859,24/2023/TT,THAM_CHIEU,rule,0.8,"NGÂN HÀNG NHÀ NƯỚC VIỆT NAM CỘNG HÒA XÃ HỘI CHỦ NGHĨA VIỆT NAM Độc lập – Tự do – Hạnh phúc Số: 29/2024/TT-NHNN Hà Nội, ngày 28 tháng 6 năm 2024 THÔNG TƯ Quy định về quỹ tín dụng nhân dân Căn cứ Luật Ngân hàng Nhà nước Vi"
169221,01/2014/TT-NHNN,SUA_DOI_BO_SUNG,rule,0.8,"Tự do – Hạnh phúc Số: 43/2024/TT-NHNN Hà Nội, ngày 09 tháng 8 năm 2024 THÔNG TƯ Sửa đổi, bổ sung một số điều của Thông tư số 01/2014/TT-NHNN ngày 10 tháng 12 năm 2014 của Thống đốc Ngân hàng Nhà nước Việt Nam hướng dẫn việc tổ chức thực hiện hoạt động quản lý dự trữ ngoại hối nhà nước ___________________ Căn cứ Luậ"
169221,12/2023/TT-NHNN,SUA_DOI_BO_SUNG,rule,0.8,"ng thông tin Refinitiv hoặc Bloomberg trước 10 giờ sáng của ngày giao dịch.” 7. Sửa đổi, bổ sung khoản 1 và khoản 5 Điều 14 (đã được sửa đổi, bổ sung bởi khoản 11 Điều 1 Thông tư số 12/2023/TT-NHNN ngày 12/10/2023 của Thống đốc Ngân hàng Nhà nước Việt Nam sửa đổi, bổ sung một số điều của các văn bản quy phạm pháp l"
169221,01/2020/TT-NHNN,SUA_DOI_BO_SUNG,rule,0.8,"g trước theo mẫu quy định tại Phụ lục số 10 ban hành kèm theo Thông tư này. 13. Sửa đổi, bổ sung điểm a và điểm c khoản 2 Điều 30 (đã được sửa đổi, bổ sung bởi khoản 13 Điều 1 Thông tư số 01/2020/TT-NHNN ngày 31/12/2020 của Thống đốc Ngân hàng Nhà nước Việt Nam sửa đổi, bổ sung một số điều của Thông tư 01/2014/TT-N"
169221,01/2014/TT-N,SUA_DOI_BO_SUNG,rule,0.8,"g trước theo mẫu quy định tại Phụ lục số 10 ban hành kèm theo Thông tư này. 13. Sửa đổi, bổ sung điểm a và điểm c khoản 2 Điều 30 (đã được sửa đổi, bổ sung bởi khoản 13 Điều 1 Thông tư số 01/2020/TT-NHNN ngày 31/12/2020 của Thống đốc Ngân hàng Nhà nước Việt Nam sửa đổi, bổ sung một số điều của Thông tư 01/2014/TT-N"
169221,01/2014/TT-NHNN,THAM_CHIEU,rule,0.8,"các nhiệm vụ khác theo quy định tại Thông tư này.” Điều 2. Thay thế, bổ sung và bãi bỏ một số quy định của Thông tư số 01/2014/TT-NHNN 1. Thay thế Phụ lục số 01, Phụ lục số 03, Phụ lục số 04, Phụ lục số 06, Phụ lục số 07 và Phụ lục số 08 (đã được thay thế bởi Thông tư số 12/2023/TT-NHNN) bằng Phụ lục số 0"
169221,12/2023/TT-NHNN,THAM_CHIEU,rule,0.8,"các nhiệm vụ khác theo quy định tại Thông tư này.” Điều 2. Thay thế, bổ sung và bãi bỏ một số quy định của Thông tư số 01/2014/TT-NHNN 1. Thay thế Phụ lục số 01, Phụ lục số 03, Phụ lục số 04, Phụ lục số 06, Phụ lục số 07 và Phụ lục số 08 (đã được thay thế bởi Thông tư số 12/2023/TT-NHNN) bằng Phụ lục số 0"
169221,01/2020/TT-NHNN,THAM_CHIEU,rule,0.8,"u khoản thi hành 1. Thông tư này có hiệu lực từ ngày 23/9/2024. 2. Thông tư này bãi bỏ khoản 3, khoản 4, khoản 5, khoản 9, khoản 16 Điều 1, khoản 3, khoản 4 Điều 2 Thông tư số 01/2020/TT-NHNN. 3. Thông tư này bãi bỏ điểm a khoản 2, điểm b khoản 3, khoản 4, khoản 5, khoản 6, khoản 8, khoản 12 và khoản 16, "
169221,01/2014/TT-NHNN,THAY_THE_BOI,rule,0.8,"à nước; b) Thực hiện các nhiệm vụ khác theo quy định tại Thông tư này.” Điều 2. Thay thế, bổ sung và bãi bỏ một số quy định của Thông tư số 01/2014/TT-NHNN 1. Thay thế Phụ lục số 01, Phụ lục số 03, Phụ lục số 04, Phụ lục số 06, Phụ lục số 07 và Phụ lục số 08 (đã được thay thế bởi Thông tư số 12/2023/TT-NHNN"
169221,12/2023/TT-NHNN,THAY_THE_BOI,rule,0.8,"à nước; b) Thực hiện các nhiệm vụ khác theo quy định tại Thông tư này.” Điều 2. Thay thế, bổ sung và bãi bỏ một số quy định của Thông tư số 01/2014/TT-NHNN 1. Thay thế Phụ lục số 01, Phụ lục số 03, Phụ lục số 04, Phụ lục số 06, Phụ lục số 07 và Phụ lục số 08 (đã được thay thế bởi Thông tư số 12/2023/TT-NHNN"
169221,12/2023/TT-NHNN,THAY_THE_BOI,rule,0.8,"ục số 03, Phụ lục số 04, Phụ lục số 06, Phụ lục số 07 và Phụ lục số 08 (đã được thay thế bởi Thông tư số 12/2023/TT-NHNN) bằng Phụ lục số 01, Phụ lục số 03, Phụ lục số 04, Phụ lục số 06, Phụ lục số 07 và Phụ lục số 08 tương ứng ban hành kèm theo Thông tư này. 2. Bổ sung Phụ lục số 09 và Phụ lục số 10. 3. Bãi bỏ"
169221,01/2014/TT-NHNN,THAM_CHIEU,rule,0.8,"NGÂN HÀNG NHÀ NƯỚC VIỆT NAM CỘNG HÒA XÃ HỘI CHỦ NGHĨA VIỆT NAM Độc lập – Tự do – Hạnh phúc Số: 43/2024/TT-NHNN Hà Nội, ngày 09 tháng 8 năm 2024 THÔNG TƯ Sửa đổi, bổ sung một số điều của Thông tư số 01/2014/TT-NHNN ngày 1"
169221,12/2023/TT-NHNN,THAM_CHIEU,rule,0.8,"NGÂN HÀNG NHÀ NƯỚC VIỆT NAM CỘNG HÒA XÃ HỘI CHỦ NGHĨA VIỆT NAM Độc lập – Tự do – Hạnh phúc Số: 43/2024/TT-NHNN Hà Nội, ngày 09 tháng 8 năm 2024 THÔNG TƯ Sửa đổi, bổ sung một số điều của Thông tư số 01/2014/TT-NHNN ngày 1"
169221,01/2020/TT-NHNN,THAM_CHIEU,rule,0.8,"NGÂN HÀNG NHÀ NƯỚC VIỆT NAM CỘNG HÒA XÃ HỘI CHỦ NGHĨA VIỆT NAM Độc lập – Tự do – Hạnh phúc Số: 43/2024/TT-NHNN Hà Nội, ngày 09 tháng 8 năm 2024 THÔNG TƯ Sửa đổi, bổ sung một số điều của Thông tư số 01/2014/TT-NHNN ngày 1"
174218,36/2015/TT-NHNN,THAM_CHIEU,rule,0.8,"NGÂN HÀNG NHÀ NƯỚC VIỆT NAM CỘNG HÒA XÃ HỘI CHỦ NGHĨA VIỆT NAM Độc lập – Tự do – Hạnh phúc Số: 62/2024/TT-NHNN Hà Nội, ngày 31 tháng 12 năm 2024 THÔNG TƯ Quy định điều kiện, hồ sơ, thủ tục chấp thuận việc tổ chức lại ngâ"
185630,46/2010/QH12,THAM_CHIEU,rule,0.8,"NG TƯ Sửa đổi, bổ sung một số điều của một số Thông tư về quỹ tín dụng nhân dân Căn cứ Luật Ngân hàng Nhà nước Việt Nam số 46/2010/QH12; Căn cứ Luật Các tổ chức tín dụng số 32/2024/QH15 được sửa đổi, bổ sung bởi Luật số 96/2025/QH15; Căn cứ Luật Hợp tác xã số 17/2023/QH15; Căn cứ Nghị định số 26/2025/NĐ-C"
185630,32/2024/QH15,THAM_CHIEU,rule,0.8,"NG TƯ Sửa đổi, bổ sung một số điều của một số Thông tư về quỹ tín dụng nhân dân Căn cứ Luật Ngân hàng Nhà nước Việt Nam số 46/2010/QH12; Căn cứ Luật Các tổ chức tín dụng số 32/2024/QH15 được sửa đổi, bổ sung bởi Luật số 96/2025/QH15; Căn cứ Luật Hợp tác xã số 17/2023/QH15; Căn cứ Nghị định số 26/2025/NĐ-C"
185630,96/2025/QH15,THAM_CHIEU,rule,0.8,"NG TƯ Sửa đổi, bổ sung một số điều của một số Thông tư về quỹ tín dụng nhân dân Căn cứ Luật Ngân hàng Nhà nước Việt Nam số 46/2010/QH12; Căn cứ Luật Các tổ chức tín dụng số 32/2024/QH15 được sửa đổi, bổ sung bởi Luật số 96/2025/QH15; Căn cứ Luật Hợp tác xã số 17/2023/QH15; Căn cứ Nghị định số 26/2025/NĐ-C"
185630,17/2023/QH15,THAM_CHIEU,rule,0.8,"NG TƯ Sửa đổi, bổ sung một số điều của một số Thông tư về quỹ tín dụng nhân dân Căn cứ Luật Ngân hàng Nhà nước Việt Nam số 46/2010/QH12; Căn cứ Luật Các tổ chức tín dụng số 32/2024/QH15 được sửa đổi, bổ sung bởi Luật số 96/2025/QH15; Căn cứ Luật Hợp tác xã số 17/2023/QH15; Căn cứ Nghị định số 26/2025/NĐ-C"
185630,46/2010/QH12,SUA_DOI_BO_SUNG,rule,0.8,"ự do - Hạnh phúc Số: 63/2025/TT-NHNN Hà Nội, ngày 31 tháng 12 năm 2025 THÔNG TƯ Sửa đổi, bổ sung một số điều của một số Thông tư về quỹ tín dụng nhân dân Căn cứ Luật Ngân hàng Nhà nước Việt Nam số 46/2010/QH12; Căn cứ Luật Các tổ chức tín dụng số 32/2024/QH15 được sửa đổi, bổ sung bởi Luật số 96/2025/QH15; Căn cứ L"
185630,32/2024/QH15,SUA_DOI_BO_SUNG,rule,0.8,"ự do - Hạnh phúc Số: 63/2025/TT-NHNN Hà Nội, ngày 31 tháng 12 năm 2025 THÔNG TƯ Sửa đổi, bổ sung một số điều của một số Thông tư về quỹ tín dụng nhân dân Căn cứ Luật Ngân hàng Nhà nước Việt Nam số 46/2010/QH12; Căn cứ Luật Các tổ chức tín dụng số 32/2024/QH15 được sửa đổi, bổ sung bởi Luật số 96/2025/QH15; Căn cứ L"
185630,96/2025/QH15,SUA_DOI_BO_SUNG,rule,0.8,"ự do - Hạnh phúc Số: 63/2025/TT-NHNN Hà Nội, ngày 31 tháng 12 năm 2025 THÔNG TƯ Sửa đổi, bổ sung một số điều của một số Thông tư về quỹ tín dụng nhân dân Căn cứ Luật Ngân hàng Nhà nước Việt Nam số 46/2010/QH12; Căn cứ Luật Các tổ chức tín dụng số 32/2024/QH15 được sửa đổi, bổ sung bởi Luật số 96/2025/QH15; Căn cứ L"
185630,17/2023/QH15,SUA_DOI_BO_SUNG,rule,0.8,"Việt Nam số 46/2010/QH12; Căn cứ Luật Các tổ chức tín dụng số 32/2024/QH15 được sửa đổi, bổ sung bởi Luật số 96/2025/QH15; Căn cứ Luật Hợp tác xã số 17/2023/QH15; Căn cứ Nghị định số 26/2025/NĐ-CP của Chính phủ quy định chức năng, nhiệm vụ, quyền hạn và cơ cấu tổ chức của Ngân hàng Nhà nước Việt Nam; Theo đề nghị c"
185630,29/2024/TT-NHNN,SUA_DOI_BO_SUNG,rule,0.8,"g các tổ chức tín dụng; Thống đốc Ngân hàng Nhà nước Việt Nam ban hành Thông tư sửa đổi, bổ sung một số điều của một số Thông tư về quỹ tín dụng nhân dân. Chương I SỬA ĐỔI, BỔ SUNG MỘT SỐ ĐIỀU CỦA THÔNG TƯ SỐ 29/2024/TT-NHNN QUY ĐỊNH VỀ QUỸ TÍN DỤNG NHÂN DÂN Điều 1. Sửa đổi, bổ sung điểm d khoản 2 Điều 25 “d) Định "
185630,01/2025/TT-NHNN,SUA_DOI_BO_SUNG,rule,0.8,"yệt tiếp tục thực hiện việc xử lý theo phương án đã được phê duyệt.”. Chương II SỬA ĐỔI, BỔ SUNG MỘT SỐ ĐIỀU CỦA THÔNG TƯ SỐ 01/2025/TT-NHNN QUY ĐỊNH VỀ CẤP GIẤY PHÉP LẦN ĐẦU, CẤP ĐỔI GIẤY PHÉP CỦA QUỸ TÍN DỤNG NHÂN DÂN Điều 3. Sửa đổi, bổ sung Điều 5 1. Sửa đổi tên Điều 5 như sau: “ Điều 5. Nguyên tắc lập, gửi, ti"
185630,01/2025/T,SUA_DOI_BO_SUNG,rule,0.8,"hối, Ngân hàng Nhà nước Khu vực trả lời bằng văn bản và nêu rõ lý do.”. Điều 7. Sửa đổi, bổ sung các phụ lục Bổ sung cụm từ “Mã định danh tổ chức (nếu có)” sau cụm từ “Tên viết tắt bằng tiếng Anh (nếu có)” tại phần “Tên quỹ tín dụng nhân dân” tại Phụ lục số 01, 02, 03, 07, 08 ban hành kèm theo Thông tư số 01/2025/T"
185630,10/2025/TT-NHNN,SUA_DOI_BO_SUNG,rule,0.8,"số 01, 02, 03, 07, 08 ban hành kèm theo Thông tư số 01/2025/TT-NHNN. Chương III SỬA ĐỔI, BỔ SUNG MỘT SỐ ĐIỀU CỦA THÔNG TƯ SỐ 10/2025/TT-NHNN QUY ĐỊNH VỀ TỔ CHỨC LẠI, THU HỒI GIẤY PHÉP VÀ THANH LÝ TÀI SẢN CỦA QUỸ TÍN DỤNG NHÂN DÂN Điều 8. Bổ sung khoản 4 vào Điều 7 “4. Số lượng phòng giao dịch của quỹ tín dụng nhân "
185630,43/2015/TT-NHNN,SUA_DOI_BO_SUNG,rule,0.8,"2025/TT-NHNN ngày 06 tháng 6 năm 2025 của Thống đốc Ngân hàng Nhà nước Việt Nam sửa đổi, bổ sung một số điều của Thông tư số 43/2015/TT-NHNN ngày 31 tháng 12 năm 2015 của Thống đốc Ngân hàng Nhà nước Việt Nam quy định về tổ chức và hoạt động của phòng giao dịch bưu điện trực thuộc Ngân hàng thương mại cổ phần Bưu đ"
185630,08/2025/TT-NHNN,THAM_CHIEU,rule,0.8,"ng tư này có hiệu lực thi hành kể từ ngày 16 tháng 02 năm 2026. 2. Thông tư này bãi bỏ quy định tại khoản 1 Điều 2 Thông tư số 08/2025/TT-NHNN ngày 06 tháng 6 năm 2025 của Thống đốc Ngân hàng Nhà nước Việt Nam sửa đổi, bổ sung một số điều của Thông tư số 43/2015/TT-NHNN ngày 31 tháng 12 năm 2015 của Thống"
185630,43/2015/TT-NHNN,THAM_CHIEU,rule,0.8,"ng tư này có hiệu lực thi hành kể từ ngày 16 tháng 02 năm 2026. 2. Thông tư này bãi bỏ quy định tại khoản 1 Điều 2 Thông tư số 08/2025/TT-NHNN ngày 06 tháng 6 năm 2025 của Thống đốc Ngân hàng Nhà nước Việt Nam sửa đổi, bổ sung một số điều của Thông tư số 43/2015/TT-NHNN ngày 31 tháng 12 năm 2015 của Thống"
185630,46/2010/QH12,THAM_CHIEU,rule,0.8,"NGÂN HÀNG NHÀ NƯỚC VIỆT NAM CỘNG HÒA XÃ HỘI CHỦ NGHĨA VIỆT NAM Độc lập - Tự do - Hạnh phúc Số: 63/2025/TT-NHNN Hà Nội, ngày 31 tháng 12 năm 2025 THÔNG TƯ Sửa đổi, bổ sung một số điều của một số Thông tư về quỹ tín dụng n"
185630,32/2024/QH15,THAM_CHIEU,rule,0.8,"NGÂN HÀNG NHÀ NƯỚC VIỆT NAM CỘNG HÒA XÃ HỘI CHỦ NGHĨA VIỆT NAM Độc lập - Tự do - Hạnh phúc Số: 63/2025/TT-NHNN Hà Nội, ngày 31 tháng 12 năm 2025 THÔNG TƯ Sửa đổi, bổ sung một số điều của một số Thông tư về quỹ tín dụng n"
185630,96/2025/QH15,THAM_CHIEU,rule,0.8,"NGÂN HÀNG NHÀ NƯỚC VIỆT NAM CỘNG HÒA XÃ HỘI CHỦ NGHĨA VIỆT NAM Độc lập - Tự do - Hạnh phúc Số: 63/2025/TT-NHNN Hà Nội, ngày 31 tháng 12 năm 2025 THÔNG TƯ Sửa đổi, bổ sung một số điều của một số Thông tư về quỹ tín dụng n"
185630,17/2023/QH15,THAM_CHIEU,rule,0.8,"NGÂN HÀNG NHÀ NƯỚC VIỆT NAM CỘNG HÒA XÃ HỘI CHỦ NGHĨA VIỆT NAM Độc lập - Tự do - Hạnh phúc Số: 63/2025/TT-NHNN Hà Nội, ngày 31 tháng 12 năm 2025 THÔNG TƯ Sửa đổi, bổ sung một số điều của một số Thông tư về quỹ tín dụng n"
185630,29/2024/TT-NHNN,THAM_CHIEU,rule,0.8,"NGÂN HÀNG NHÀ NƯỚC VIỆT NAM CỘNG HÒA XÃ HỘI CHỦ NGHĨA VIỆT NAM Độc lập - Tự do - Hạnh phúc Số: 63/2025/TT-NHNN Hà Nội, ngày 31 tháng 12 năm 2025 THÔNG TƯ Sửa đổi, bổ sung một số điều của một số Thông tư về quỹ tín dụng n"
185630,01/2025/TT-NHNN,THAM_CHIEU,rule,0.8,"NGÂN HÀNG NHÀ NƯỚC VIỆT NAM CỘNG HÒA XÃ HỘI CHỦ NGHĨA VIỆT NAM Độc lập - Tự do - Hạnh phúc Số: 63/2025/TT-NHNN Hà Nội, ngày 31 tháng 12 năm 2025 THÔNG TƯ Sửa đổi, bổ sung một số điều của một số Thông tư về quỹ tín dụng n"
185630,10/2025/TT-NHNN,THAM_CHIEU,rule,0.8,"NGÂN HÀNG NHÀ NƯỚC VIỆT NAM CỘNG HÒA XÃ HỘI CHỦ NGHĨA VIỆT NAM Độc lập - Tự do - Hạnh phúc Số: 63/2025/TT-NHNN Hà Nội, ngày 31 tháng 12 năm 2025 THÔNG TƯ Sửa đổi, bổ sung một số điều của một số Thông tư về quỹ tín dụng n"
185630,08/2025/TT-NHNN,THAM_CHIEU,rule,0.8,"NGÂN HÀNG NHÀ NƯỚC VIỆT NAM CỘNG HÒA XÃ HỘI CHỦ NGHĨA VIỆT NAM Độc lập - Tự do - Hạnh phúc Số: 63/2025/TT-NHNN Hà Nội, ngày 31 tháng 12 năm 2025 THÔNG TƯ Sửa đổi, bổ sung một số điều của một số Thông tư về quỹ tín dụng n"
185630,43/2015/TT-NHNN,THAM_CHIEU,rule,0.8,"NGÂN HÀNG NHÀ NƯỚC VIỆT NAM CỘNG HÒA XÃ HỘI CHỦ NGHĨA VIỆT NAM Độc lập - Tự do - Hạnh phúc Số: 63/2025/TT-NHNN Hà Nội, ngày 31 tháng 12 năm 2025 THÔNG TƯ Sửa đổi, bổ sung một số điều của một số Thông tư về quỹ tín dụng n"
185630,32/2024/TT-NHNN,THAM_CHIEU,rule,0.8,"NGÂN HÀNG NHÀ NƯỚC VIỆT NAM CỘNG HÒA XÃ HỘI CHỦ NGHĨA VIỆT NAM Độc lập - Tự do - Hạnh phúc Số: 63/2025/TT-NHNN Hà Nội, ngày 31 tháng 12 năm 2025 THÔNG TƯ Sửa đổi, bổ sung một số điều của một số Thông tư về quỹ tín dụng n"
186482,46/2010/QH12,THAM_CHIEU,rule,0.8,"ng liên quan đến cắt giảm điều kiện kinh doanh, đơn giản hóa thủ tục hành chính Căn cứ Luật Ngân hàng Nhà nước Việt Nam số 46/2010/QH12; Căn cứ Luật Các tổ chức tín dụng số 32/2024/QH15 được sửa đổi, bổ sung bởi Luật số 96/2025/QH15; Căn cứ Nghị định số 26/2025/NĐ-CP của Chính phủ quy định chức năng, nhiệ"
186482,32/2024/QH15,THAM_CHIEU,rule,0.8,"ng liên quan đến cắt giảm điều kiện kinh doanh, đơn giản hóa thủ tục hành chính Căn cứ Luật Ngân hàng Nhà nước Việt Nam số 46/2010/QH12; Căn cứ Luật Các tổ chức tín dụng số 32/2024/QH15 được sửa đổi, bổ sung bởi Luật số 96/2025/QH15; Căn cứ Nghị định số 26/2025/NĐ-CP của Chính phủ quy định chức năng, nhiệ"
186482,96/2025/QH15,THAM_CHIEU,rule,0.8,"ng liên quan đến cắt giảm điều kiện kinh doanh, đơn giản hóa thủ tục hành chính Căn cứ Luật Ngân hàng Nhà nước Việt Nam số 46/2010/QH12; Căn cứ Luật Các tổ chức tín dụng số 32/2024/QH15 được sửa đổi, bổ sung bởi Luật số 96/2025/QH15; Căn cứ Nghị định số 26/2025/NĐ-CP của Chính phủ quy định chức năng, nhiệ"
186482,46/2010/QH12,SUA_DOI_BO_SUNG,rule,0.8,"Việt Nam số 46/2010/QH12; Căn cứ Luật Các tổ chức tín dụng số 32/2024/QH15 được sửa đổi, bổ sung bởi Luật số 96/2025/QH15; Căn cứ Nghị định số 26/2025/NĐ-CP của Chính phủ quy định chức năng, nhiệm vụ, quyền hạn và cơ cấu tổ chức của Ngân hàng Nhà nước Việt Nam; Theo đề nghị của Cục trưởng Cục An toàn hệ thống các t"
186482,32/2024/QH15,SUA_DOI_BO_SUNG,rule,0.8,"Việt Nam số 46/2010/QH12; Căn cứ Luật Các tổ chức tín dụng số 32/2024/QH15 được sửa đổi, bổ sung bởi Luật số 96/2025/QH15; Căn cứ Nghị định số 26/2025/NĐ-CP của Chính phủ quy định chức năng, nhiệm vụ, quyền hạn và cơ cấu tổ chức của Ngân hàng Nhà nước Việt Nam; Theo đề nghị của Cục trưởng Cục An toàn hệ thống các t"
186482,96/2025/QH15,SUA_DOI_BO_SUNG,rule,0.8,"Việt Nam số 46/2010/QH12; Căn cứ Luật Các tổ chức tín dụng số 32/2024/QH15 được sửa đổi, bổ sung bởi Luật số 96/2025/QH15; Căn cứ Nghị định số 26/2025/NĐ-CP của Chính phủ quy định chức năng, nhiệm vụ, quyền hạn và cơ cấu tổ chức của Ngân hàng Nhà nước Việt Nam; Theo đề nghị của Cục trưởng Cục An toàn hệ thống các t"
186482,19/2013/TT,SUA_DOI_BO_SUNG,rule,0.8,"an đến cắt giảm điều kiện kinh doanh, đơn giản hóa thủ tục hành chính. Chương I SỬA ĐỔI, BỔ SUNG MỘT SỐ ĐIỀU CỦA THÔNG TƯ SỐ 19/2013/TT- NHNN CỦA THỐNG ĐỐC NGÂN HÀNG NHÀ NƯỚC VIỆT NAM QUY ĐỊNH VỀ VIỆC MUA, BÁN VÀ XỬ LÝ NỢ XẤU CỦA CÔNG TY QUẢN LÝ TÀI SẢN CỦA CÁC TỔ CHỨC TÍN DỤNG VIỆT NAM Điều 1. Sửa đổi, bổ sung Điề"
186482,43/2015/TT,SUA_DOI_BO_SUNG,rule,0.8," và khoản 3 Điều 16; khoản 2 Điều 32; khoản 2 Điều 37 Thông tư này.”. Chương II SỬA ĐỔI, BỔ SUNG MỘT SỐ ĐIỀU CỦA THÔNG TƯ SỐ 43/2015/TT- NHNN CỦA THỐNG ĐỐC NGÂN HÀNG NHÀ NƯỚC VIỆT NAM QUY ĐỊNH VỀ TỔ CHỨC VÀ HOẠT ĐỘNG CỦA PHÒNG GIAO DỊCH BƯU ĐIỆN TRỰC THUỘC NGÂN HÀNG THƯƠNG MẠI CỔ PHẦN LỘC PHÁT VIỆT NAM Điều 12. Sửa"
186482,53/2018/TT,SUA_DOI_BO_SUNG,rule,0.8,"ng các quy định tại khoản 2, khoản 4, khoản 5 Điều 8 Thông tư này.”. Chương III SỬA ĐỔI, BỔ SUNG MỘT SỐ ĐIỀU CỦA THÔNG TƯ SỐ 53/2018/TT- NHNN CỦA THỐNG ĐỐC NGÂN HÀNG NHÀ NƯỚC VIỆT NAM QUY ĐỊNH VỀ MẠNG LƯỚI HOẠT ĐỘNG CỦA TỔ CHỨC TÍN DỤNG PHI NGÂN HÀNG Điều 15. Bãi bỏ điểm đ khoản 1 Điều 6 Điều 16. Sửa đổi, bổ sung Đ"
186482,53/2018/TT-NHNN,SUA_DOI_BO_SUNG,rule,0.8,"Thông tư 53/2018/TT-NHNN bằng Phụ lục ban hành kèm theo Thông tư này. Chương IV SỬA ĐỔI, BỔ SUNG MỘT SỐ ĐIỀU CỦA THÔNG TƯ SỐ 62/2024/TT-NHNN CỦA THỐNG ĐỐC NGÂN HÀNG NHÀ NƯỚC VIỆT NAM QUY ĐỊNH VỀ ĐIỀU KIỆN, HỒ SƠ, THỦ TỤC CHẤP THUẬN VIỆC TỔ CHỨC LẠI NGÂN HÀNG THƯƠNG MẠI, TỔ CHỨC TÍN DỤNG PHI NGÂN HÀNG Điều 26. Bổ su"
186482,62/2024/TT-NHNN,SUA_DOI_BO_SUNG,rule,0.8,"Thông tư 53/2018/TT-NHNN bằng Phụ lục ban hành kèm theo Thông tư này. Chương IV SỬA ĐỔI, BỔ SUNG MỘT SỐ ĐIỀU CỦA THÔNG TƯ SỐ 62/2024/TT-NHNN CỦA THỐNG ĐỐC NGÂN HÀNG NHÀ NƯỚC VIỆT NAM QUY ĐỊNH VỀ ĐIỀU KIỆN, HỒ SƠ, THỦ TỤC CHẤP THUẬN VIỆC TỔ CHỨC LẠI NGÂN HÀNG THƯƠNG MẠI, TỔ CHỨC TÍN DỤNG PHI NGÂN HÀNG Điều 26. Bổ su"
186482,03/2024/TT-NHNN,SUA_DOI_BO_SUNG,rule,0.8,"oản 2 Điều 2 Thông tư 03/2024/TT-NHNN của Thống đốc Ngân hàng Nhà nước Việt Nam sửa đổi, bổ sung một số Điều của Thông tư số 19/2013/TT-NHNN của Thống đốc Ngân hàng Nhà nước Việt Nam quy định về việc mua, bán và xử lý nợ xấu của Công ty Quản lý tài sản của các tổ chức tín dụng Việt Nam; c) Cụm từ “điểm b khoản 3 Đi"
186482,19/2013/TT-NHNN,SUA_DOI_BO_SUNG,rule,0.8,"oản 2 Điều 2 Thông tư 03/2024/TT-NHNN của Thống đốc Ngân hàng Nhà nước Việt Nam sửa đổi, bổ sung một số Điều của Thông tư số 19/2013/TT-NHNN của Thống đốc Ngân hàng Nhà nước Việt Nam quy định về việc mua, bán và xử lý nợ xấu của Công ty Quản lý tài sản của các tổ chức tín dụng Việt Nam; c) Cụm từ “điểm b khoản 3 Đi"
186482,27/2022/TT-NHNN,SUA_DOI_BO_SUNG,rule,0.8," 5 Điều 1 Thông tư số 27/2022/TT-NHNN của Thống đốc Ngân hàng Nhà nước Việt Nam sửa đổi, bổ sung một số điều của các Thông tư quy định về phân cấp giải quyết thủ tục hành chính trong lĩnh vực thành lập và hoạt động ngân hàng; d) Khoản 7, khoản 9, khoản 14, điểm c khoản 15 Điều 1 Thông tư 30/2024/TT-NHNN của Thống đ"
186482,30/2024/TT-NHNN,SUA_DOI_BO_SUNG,rule,0.8," 5 Điều 1 Thông tư số 27/2022/TT-NHNN của Thống đốc Ngân hàng Nhà nước Việt Nam sửa đổi, bổ sung một số điều của các Thông tư quy định về phân cấp giải quyết thủ tục hành chính trong lĩnh vực thành lập và hoạt động ngân hàng; d) Khoản 7, khoản 9, khoản 14, điểm c khoản 15 Điều 1 Thông tư 30/2024/TT-NHNN của Thống đ"
186482,53/2018/TT-NHNN,THAM_CHIEU,rule,0.8,"y trì giá trị thực của vốn điều lệ tối thiểu bằng mức vốn pháp định.”. Điều 24. Bãi bỏ Điều 24 Điều 25. Thay thế Phụ lục ban hành kèm theo Thông tư 53/2018/TT-NHNN Thay thế Phụ lục ban hành kèm theo Thông tư 53/2018/TT-NHNN bằng Phụ lục ban hành kèm theo Thông tư này. Chương IV SỬA ĐỔI, BỔ SUNG MỘT SỐ ĐIỀ"
186482,53/2018/TT-NHNN,THAY_THE_BOI,rule,0.8,"ốn điều lệ tối thiểu bằng mức vốn pháp định.”. Điều 24. Bãi bỏ Điều 24 Điều 25. Thay thế Phụ lục ban hành kèm theo Thông tư 53/2018/TT-NHNN Thay thế Phụ lục ban hành kèm theo Thông tư 53/2018/TT-NHNN bằng Phụ lục ban hành kèm theo Thông tư này. Chương IV SỬA ĐỔI, BỔ SUNG MỘT SỐ ĐIỀU CỦA THÔNG TƯ SỐ 62/2024/"
186482,62/2024/TT-NHNN,THAY_THE_BOI,rule,0.8,"bỏ Điều 24 Điều 25. Thay thế Phụ lục ban hành kèm theo Thông tư 53/2018/TT-NHNN Thay thế Phụ lục ban hành kèm theo Thông tư 53/2018/TT-NHNN bằng Phụ lục ban hành kèm theo Thông tư này. Chương IV SỬA ĐỔI, BỔ SUNG MỘT SỐ ĐIỀU CỦA THÔNG TƯ SỐ 62/2024/TT-NHNN CỦA THỐNG ĐỐC NGÂN HÀNG NHÀ NƯỚC VIỆT NAM QUY ĐỊNH V"
186482,46/2010/QH12,THAM_CHIEU,rule,0.8,"NGÂN HÀNG NHÀ NƯỚC VIỆT NAM ------- CỘNG HÒA XÃ HỘI CHỦ NGHĨA VIỆT NAM Độc lập - Tự do - Hạnh phúc --------------- Số: 69/2025/TT-NHNN Hà Nội, ngày 31 tháng 12 năm 2025 THÔNG TƯ Sửa đổi, bổ sung một số điều của một số Th"
186482,32/2024/QH15,THAM_CHIEU,rule,0.8,"NGÂN HÀNG NHÀ NƯỚC VIỆT NAM ------- CỘNG HÒA XÃ HỘI CHỦ NGHĨA VIỆT NAM Độc lập - Tự do - Hạnh phúc --------------- Số: 69/2025/TT-NHNN Hà Nội, ngày 31 tháng 12 năm 2025 THÔNG TƯ Sửa đổi, bổ sung một số điều của một số Th"
186482,96/2025/QH15,THAM_CHIEU,rule,0.8,"NGÂN HÀNG NHÀ NƯỚC VIỆT NAM ------- CỘNG HÒA XÃ HỘI CHỦ NGHĨA VIỆT NAM Độc lập - Tự do - Hạnh phúc --------------- Số: 69/2025/TT-NHNN Hà Nội, ngày 31 tháng 12 năm 2025 THÔNG TƯ Sửa đổi, bổ sung một số điều của một số Th"
186482,19/2013/TT,THAM_CHIEU,rule,0.8,"NGÂN HÀNG NHÀ NƯỚC VIỆT NAM ------- CỘNG HÒA XÃ HỘI CHỦ NGHĨA VIỆT NAM Độc lập - Tự do - Hạnh phúc --------------- Số: 69/2025/TT-NHNN Hà Nội, ngày 31 tháng 12 năm 2025 THÔNG TƯ Sửa đổi, bổ sung một số điều của một số Th"
186482,43/2015/TT,THAM_CHIEU,rule,0.8,"NGÂN HÀNG NHÀ NƯỚC VIỆT NAM ------- CỘNG HÒA XÃ HỘI CHỦ NGHĨA VIỆT NAM Độc lập - Tự do - Hạnh phúc --------------- Số: 69/2025/TT-NHNN Hà Nội, ngày 31 tháng 12 năm 2025 THÔNG TƯ Sửa đổi, bổ sung một số điều của một số Th"
186482,53/2018/TT,THAM_CHIEU,rule,0.8,"NGÂN HÀNG NHÀ NƯỚC VIỆT NAM ------- CỘNG HÒA XÃ HỘI CHỦ NGHĨA VIỆT NAM Độc lập - Tự do - Hạnh phúc --------------- Số: 69/2025/TT-NHNN Hà Nội, ngày 31 tháng 12 năm 2025 THÔNG TƯ Sửa đổi, bổ sung một số điều của một số Th"
186482,53/2018/TT-NHNN,THAM_CHIEU,rule,0.8,"NGÂN HÀNG NHÀ NƯỚC VIỆT NAM ------- CỘNG HÒA XÃ HỘI CHỦ NGHĨA VIỆT NAM Độc lập - Tự do - Hạnh phúc --------------- Số: 69/2025/TT-NHNN Hà Nội, ngày 31 tháng 12 năm 2025 THÔNG TƯ Sửa đổi, bổ sung một số điều của một số Th"
186482,62/2024/TT-NHNN,THAM_CHIEU,rule,0.8,"NGÂN HÀNG NHÀ NƯỚC VIỆT NAM ------- CỘNG HÒA XÃ HỘI CHỦ NGHĨA VIỆT NAM Độc lập - Tự do - Hạnh phúc --------------- Số: 69/2025/TT-NHNN Hà Nội, ngày 31 tháng 12 năm 2025 THÔNG TƯ Sửa đổi, bổ sung một số điều của một số Th"
186482,14/2015/TT-NHNN,THAM_CHIEU,rule,0.8,"NGÂN HÀNG NHÀ NƯỚC VIỆT NAM ------- CỘNG HÒA XÃ HỘI CHỦ NGHĨA VIỆT NAM Độc lập - Tự do - Hạnh phúc --------------- Số: 69/2025/TT-NHNN Hà Nội, ngày 31 tháng 12 năm 2025 THÔNG TƯ Sửa đổi, bổ sung một số điều của một số Th"
186482,19/2013/TT-NHNN,THAM_CHIEU,rule,0.8,"NGÂN HÀNG NHÀ NƯỚC VIỆT NAM ------- CỘNG HÒA XÃ HỘI CHỦ NGHĨA VIỆT NAM Độc lập - Tự do - Hạnh phúc --------------- Số: 69/2025/TT-NHNN Hà Nội, ngày 31 tháng 12 năm 2025 THÔNG TƯ Sửa đổi, bổ sung một số điều của một số Th"
186482,03/2024/TT-NHNN,THAM_CHIEU,rule,0.8,"NGÂN HÀNG NHÀ NƯỚC VIỆT NAM ------- CỘNG HÒA XÃ HỘI CHỦ NGHĨA VIỆT NAM Độc lập - Tự do - Hạnh phúc --------------- Số: 69/2025/TT-NHNN Hà Nội, ngày 31 tháng 12 năm 2025 THÔNG TƯ Sửa đổi, bổ sung một số điều của một số Th"
186482,27/2022/TT-NHNN,THAM_CHIEU,rule,0.8,"NGÂN HÀNG NHÀ NƯỚC VIỆT NAM ------- CỘNG HÒA XÃ HỘI CHỦ NGHĨA VIỆT NAM Độc lập - Tự do - Hạnh phúc --------------- Số: 69/2025/TT-NHNN Hà Nội, ngày 31 tháng 12 năm 2025 THÔNG TƯ Sửa đổi, bổ sung một số điều của một số Th"
186482,30/2024/TT-NHNN,THAM_CHIEU,rule,0.8,"NGÂN HÀNG NHÀ NƯỚC VIỆT NAM ------- CỘNG HÒA XÃ HỘI CHỦ NGHĨA VIỆT NAM Độc lập - Tự do - Hạnh phúc --------------- Số: 69/2025/TT-NHNN Hà Nội, ngày 31 tháng 12 năm 2025 THÔNG TƯ Sửa đổi, bổ sung một số điều của một số Th"
186888,46/2010/QH12,THAM_CHIEU,rule,0.8,"ng kiểm soát nội bộ của tổ chức tín dụng là hợp tác xã, tổ chức tài chính vi mô Căn cứ Luật Ngân hàng Nhà nước Việt Nam số 46/2010/QH12; Căn cứ Luật Các tổ chức tín dụng số 32/2024/QH15 được sửa đổi, bổ sung bởi Luật số 96/2025/QH15; Căn cứ Nghị định số 26/2025/NĐ-CP của Chính phủ quy định chức năng, nhiệ"
186888,32/2024/QH15,THAM_CHIEU,rule,0.8,"ng kiểm soát nội bộ của tổ chức tín dụng là hợp tác xã, tổ chức tài chính vi mô Căn cứ Luật Ngân hàng Nhà nước Việt Nam số 46/2010/QH12; Căn cứ Luật Các tổ chức tín dụng số 32/2024/QH15 được sửa đổi, bổ sung bởi Luật số 96/2025/QH15; Căn cứ Nghị định số 26/2025/NĐ-CP của Chính phủ quy định chức năng, nhiệ"
186888,96/2025/QH15,THAM_CHIEU,rule,0.8,"ng kiểm soát nội bộ của tổ chức tín dụng là hợp tác xã, tổ chức tài chính vi mô Căn cứ Luật Ngân hàng Nhà nước Việt Nam số 46/2010/QH12; Căn cứ Luật Các tổ chức tín dụng số 32/2024/QH15 được sửa đổi, bổ sung bởi Luật số 96/2025/QH15; Căn cứ Nghị định số 26/2025/NĐ-CP của Chính phủ quy định chức năng, nhiệ"
186888,46/2010/QH12,SUA_DOI_BO_SUNG,rule,0.8,"Việt Nam số 46/2010/QH12; Căn cứ Luật Các tổ chức tín dụng số 32/2024/QH15 được sửa đổi, bổ sung bởi Luật số 96/2025/QH15; Căn cứ Nghị định số 26/2025/NĐ-CP của Chính phủ quy định chức năng, nhiệm vụ, quyền hạn và cơ cấu tổ chức của Ngân hàng Nhà nước Việt Nam; Theo đề nghị của Cục trưởng Cục An toàn hệ thống các t"
186888,32/2024/QH15,SUA_DOI_BO_SUNG,rule,0.8,"Việt Nam số 46/2010/QH12; Căn cứ Luật Các tổ chức tín dụng số 32/2024/QH15 được sửa đổi, bổ sung bởi Luật số 96/2025/QH15; Căn cứ Nghị định số 26/2025/NĐ-CP của Chính phủ quy định chức năng, nhiệm vụ, quyền hạn và cơ cấu tổ chức của Ngân hàng Nhà nước Việt Nam; Theo đề nghị của Cục trưởng Cục An toàn hệ thống các t"
186888,96/2025/QH15,SUA_DOI_BO_SUNG,rule,0.8,"Việt Nam số 46/2010/QH12; Căn cứ Luật Các tổ chức tín dụng số 32/2024/QH15 được sửa đổi, bổ sung bởi Luật số 96/2025/QH15; Căn cứ Nghị định số 26/2025/NĐ-CP của Chính phủ quy định chức năng, nhiệm vụ, quyền hạn và cơ cấu tổ chức của Ngân hàng Nhà nước Việt Nam; Theo đề nghị của Cục trưởng Cục An toàn hệ thống các t"
186888,44/2011/TT-NHNN,THAM_CHIEU,rule,0.8," hành 1. Thông tư này có hiệu lực từ ngày 01 tháng 01 năm 2027. 2. Thông tư này bãi bỏ Thông tư số 44/2011/TT-NHNN ngày 29 tháng 12 năm 2011 của Thống đốc Ngân hàng Nhà nước Việt Nam quy định về hệ thống kiểm soát nội bộ và kiểm toán nội bộ của tổ chức tín dụng, chi nhánh ngân hàng nước ngoài. Điều 57. Tr"
186888,46/2010/QH12,THAM_CHIEU,rule,0.8,"Document Content NGÂN HÀNG NHÀ NƯỚC VIỆT NAM _________ Số: 62/2025/TT-NHNN CỘNG HÒA XÃ HỘI CHỦ NGHĨA VIỆT NAM Độc lập - Tự do - Hạnh phúc ________________________ Hà Nội, ngày 31 tháng 12 năm 2025 THÔNG TƯ Quy định về hệ"
186888,32/2024/QH15,THAM_CHIEU,rule,0.8,"Document Content NGÂN HÀNG NHÀ NƯỚC VIỆT NAM _________ Số: 62/2025/TT-NHNN CỘNG HÒA XÃ HỘI CHỦ NGHĨA VIỆT NAM Độc lập - Tự do - Hạnh phúc ________________________ Hà Nội, ngày 31 tháng 12 năm 2025 THÔNG TƯ Quy định về hệ"
186888,96/2025/QH15,THAM_CHIEU,rule,0.8,"Document Content NGÂN HÀNG NHÀ NƯỚC VIỆT NAM _________ Số: 62/2025/TT-NHNN CỘNG HÒA XÃ HỘI CHỦ NGHĨA VIỆT NAM Độc lập - Tự do - Hạnh phúc ________________________ Hà Nội, ngày 31 tháng 12 năm 2025 THÔNG TƯ Quy định về hệ"
186888,44/2011/TT-NHNN,THAM_CHIEU,rule,0.8,"Document Content NGÂN HÀNG NHÀ NƯỚC VIỆT NAM _________ Số: 62/2025/TT-NHNN CỘNG HÒA XÃ HỘI CHỦ NGHĨA VIỆT NAM Độc lập - Tự do - Hạnh phúc ________________________ Hà Nội, ngày 31 tháng 12 năm 2025 THÔNG TƯ Quy định về hệ"
25692,51/2001/QH10,THAM_CHIEU,rule,0.8,"LUẬT Ngân hàng Nhà nước Việt Nam ________________ Căn cứ Hiến pháp nước Cộng hoà xã hội chủ nghĩa Việt Nam năm 1992 đã được sửa đổi, bổ sung một số điều theo Nghị quyết số 51/2001/QH10; Quốc hội ban hành Luật Ngân hàng Nhà nước Việt Nam. Chương I NHỮNG QUY ĐỊNH CHUNG Điều 1. "
25692,51/2001/QH10,SUA_DOI_BO_SUNG,rule,0.8,"_____ Căn cứ Hiến pháp nước Cộng hoà xã hội chủ nghĩa Việt Nam năm 1992 đã được sửa đổi, bổ sung một số điều theo Nghị quyết số 51/2001/QH10; Quốc hội ban hành Luật Ngân hàng Nhà nước Việt Nam. Chương I NHỮNG QUY ĐỊNH CHUNG Điều 1. Phạm vi điều chỉnh Luật này quy định về tổ chức và hoạt động của Ngân hàng Nhà nước "
25692,01/1997/QH10,SUA_DOI_BO_SUNG,rule,0.8," tháng 01 năm 2011. 2. Luật Ngân hàng Nhà nước Việt Nam số 01/1997/QH10 và Luật sửa đổi, bổ sung một số điều của Luật Ngân hàng Nhà nước Việt Nam số 10/2003/QH11 hết hiệu lực kể từ ngày Luật này có hiệu lực. Điều 66. Quy định chi tiết và hướng dẫn thi hành Chính phủ quy định chi tiết và hướng dẫn thi hành các điều,"
25692,10/2003/QH11,SUA_DOI_BO_SUNG,rule,0.8," tháng 01 năm 2011. 2. Luật Ngân hàng Nhà nước Việt Nam số 01/1997/QH10 và Luật sửa đổi, bổ sung một số điều của Luật Ngân hàng Nhà nước Việt Nam số 10/2003/QH11 hết hiệu lực kể từ ngày Luật này có hiệu lực. Điều 66. Quy định chi tiết và hướng dẫn thi hành Chính phủ quy định chi tiết và hướng dẫn thi hành các điều,"
25692,51/2001/QH10,THAM_CHIEU,rule,0.8,"LUẬT Ngân hàng Nhà nước Việt Nam ________________ Căn cứ Hiến pháp nước Cộng hoà xã hội chủ nghĩa Việt Nam năm 1992 đã được sửa đổi, bổ sung một số điều theo Nghị quyết số 51/2001/QH10; Quốc hội ban hành Luật Ngân hàng N"
25692,01/1997/QH10,THAM_CHIEU,rule,0.8,"LUẬT Ngân hàng Nhà nước Việt Nam ________________ Căn cứ Hiến pháp nước Cộng hoà xã hội chủ nghĩa Việt Nam năm 1992 đã được sửa đổi, bổ sung một số điều theo Nghị quyết số 51/2001/QH10; Quốc hội ban hành Luật Ngân hàng N"
25692,10/2003/QH11,THAM_CHIEU,rule,0.8,"LUẬT Ngân hàng Nhà nước Việt Nam ________________ Căn cứ Hiến pháp nước Cộng hoà xã hội chủ nghĩa Việt Nam năm 1992 đã được sửa đổi, bổ sung một số điều theo Nghị quyết số 51/2001/QH10; Quốc hội ban hành Luật Ngân hàng N"
26750,51/2001/QH10,THAM_CHIEU,rule,0.8,"nh phúc Số: 67/2011/QH12 Ngày 29 tháng 3 năm 2011 LUẬT Kiểm toán độc lập ______ Căn cứ Hiến pháp nước Cộng hòa xã hội chủ nghĩa Việt Nam năm 1992 đã được sửa đổi, bổ sung một số điều theo Nghị quyết số 51/2001/QH10; Quốc hội ban hành Luật Kiểm toán độc lập, Chương I NHỮNG QUY ĐỊNH CHUNG Điều 1. Phạm vi đi"
26750,51/2001/QH10,SUA_DOI_BO_SUNG,rule,0.8,"_____ Căn cứ Hiến pháp nước Cộng hòa xã hội chủ nghĩa Việt Nam năm 1992 đã được sửa đổi, bổ sung một số điều theo Nghị quyết số 51/2001/QH10; Quốc hội ban hành Luật Kiểm toán độc lập, Chương I NHỮNG QUY ĐỊNH CHUNG Điều 1. Phạm vi điều chỉnh Luật này quy định nguyên tắc, điều kiện, phạm vi, hình thức hoạt động kiểm "
26750,51/2001/QH10,THAM_CHIEU,rule,0.8,QUỐC HỘI CỘNG HÒA XÃ HỘI CHỦ NGHĨA VIỆT NAM Độc lập – Tự do – Hạnh phúc Số: 67/2011/QH12 Ngày 29 tháng 3 năm 2011 LUẬT Kiểm toán độc lập ______ Căn cứ Hiến pháp nước Cộng hòa xã hội chủ nghĩa Việt Nam năm 1992 đã được sử
27257,46/2010/QH12,THAM_CHIEU,rule,0.8,"nội bộ và kiểm toán nội bộ của tổ chức tín dụng, chi nhánh ngân hàng nước ngoài Căn cứ Luật Ngân hàng Nhà nước Việt Nam số 46/2010/QH12 ngày 16 tháng 6 năm 2010; Căn cứ Luật Các tổ chức tín dụng số 47/2010/QH12 ngày 16 tháng 6 năm 2010; Căn cứ Nghị định số 96/2008/NĐ-CP ngày 26/8/2008 của Chính phủ quy đị"
27257,47/2010/QH12,THAM_CHIEU,rule,0.8,"nội bộ và kiểm toán nội bộ của tổ chức tín dụng, chi nhánh ngân hàng nước ngoài Căn cứ Luật Ngân hàng Nhà nước Việt Nam số 46/2010/QH12 ngày 16 tháng 6 năm 2010; Căn cứ Luật Các tổ chức tín dụng số 47/2010/QH12 ngày 16 tháng 6 năm 2010; Căn cứ Nghị định số 96/2008/NĐ-CP ngày 26/8/2008 của Chính phủ quy đị"
27257,46/2010/QH12,THAM_CHIEU,rule,0.8,"NGÂN HÀNG NHÀ NƯỚC VIỆT NAM ------- CỘNG HÒA XÃ HỘI CHỦ NGHĨA VIỆT NAM Độc lập - Tự do - Hạnh phúc --------------- Số: 44/2011/TT-NHNN Hà Nội, ngày 29 tháng 12 năm 2011 THÔNG TƯ Q uy định về hệ thống kiểm soát nội bộ và "
27257,47/2010/QH12,THAM_CHIEU,rule,0.8,"NGÂN HÀNG NHÀ NƯỚC VIỆT NAM ------- CỘNG HÒA XÃ HỘI CHỦ NGHĨA VIỆT NAM Độc lập - Tự do - Hạnh phúc --------------- Số: 44/2011/TT-NHNN Hà Nội, ngày 29 tháng 12 năm 2011 THÔNG TƯ Q uy định về hệ thống kiểm soát nội bộ và "
30402,67/2011/QH12,THAM_CHIEU,rule,0.8,ý và công khai danh sách kiểm toán viên hành nghề kiểm toán ___________________ Căn cứ Luật Kiểm toán độc lập số 67/2011/QH12 ngày 29 tháng 3 năm 2011; Căn cứ Nghị định số 17/2012/NĐ-CP ngày 13/3/2012 của Chính phủ quy định chi tiết và hướng dẫn thi hành một số điều của Luật kiểm toán độc lập; Căn cứ Nghị
30402,67/2011/QH12,THAM_CHIEU,rule,0.8,"BỘ TÀI CHÍNH CỘNG HÒA XÃ HỘI CHỦ NGHĨA VIỆT NAM Độc lập – Tự do – Hạnh phúc Số: 202/2012/TT-BTC Hà Nội, ngày 19 tháng 11 năm 2012 THÔNG TƯ Hướng dẫn về đăng ký, quản lý và công khai danh sách kiểm toán viên hành nghề kiể"
30402,64/2004/TT-BTC,THAM_CHIEU,rule,0.8,"BỘ TÀI CHÍNH CỘNG HÒA XÃ HỘI CHỦ NGHĨA VIỆT NAM Độc lập – Tự do – Hạnh phúc Số: 202/2012/TT-BTC Hà Nội, ngày 19 tháng 11 năm 2012 THÔNG TƯ Hướng dẫn về đăng ký, quản lý và công khai danh sách kiểm toán viên hành nghề kiể"
38128,46/2010/QH12,THAM_CHIEU,rule,0.8,"hiết kế mẫu tiền, chế bản và quản lý in, đúc tiền Việt Nam ____________________ Căn cứ Luật Ngân hàng Nhà nước Việt Nam số 46/2010/QH12 ; Căn cứ Nghị định số 156/2013/NĐ-CP ngày 11/11/2013 của Chính phủ quy định chức năng, nhiệm vụ, quyền hạn và cơ cấu tổ chức của Ngân hàng Nhà nước Việt Nam; Căn cứ Nghị "
38128,23/2009/TT-NHNN,THAY_THE_BOI,rule,0.8,"hoản thi hành Thông tư này có hiệu lực thi hành từ ngày 12 tháng 01 năm 2015 và thay thế Thông tư số 23/2009/TT-NHNN ngày 02/12/2009 quy định việc thiết kế mẫu, chế bản và quản lý in, đúc tiền Việt Nam. Điều 22. Trách nhiệm tổ chức thực hiện Chánh Văn phòng, Cục trưởng Cục Phát hành và Kho quỹ, Vụ trưởng Vụ"
38128,46/2010/QH12,THAM_CHIEU,rule,0.8,"NGÂN HÀNG NHÀ NƯỚC VIỆT NAM CỘNG HÒA XÃ HỘI CHỦ NGHĨA VIỆT NAM Độc lập – Tự do – Hạnh phúc Số: 37/2014/TT-NHNN Hà Nội, Ngày 26 tháng 11 năm 2014 THÔNG TƯ Q uy định việc thiết kế mẫu tiền, chế bản và quản lý in, đúc tiền "
38128,23/2009/TT-NHNN,THAM_CHIEU,rule,0.8,"NGÂN HÀNG NHÀ NƯỚC VIỆT NAM CỘNG HÒA XÃ HỘI CHỦ NGHĨA VIỆT NAM Độc lập – Tự do – Hạnh phúc Số: 37/2014/TT-NHNN Hà Nội, Ngày 26 tháng 11 năm 2014 THÔNG TƯ Q uy định việc thiết kế mẫu tiền, chế bản và quản lý in, đúc tiền "
44209,46/2010/QH12,THAM_CHIEU,rule,0.8,"y định về giao nhận, bảo quản, vận chuyển tiền mặt, tài sản quý, giấy tờ có giá Căn cứ Luật Ngân hàng Nhà nước Việt Nam số 46/2010/QH12 ngày 16 tháng 6 năm 2010; Căn cứ Luật Các tổ chức tín dụng số 47/2010/QH12 ngày 16 tháng 6 năm 2010; Căn cứ Nghị định số 156/2013/NĐ-CP ngày 11 tháng 11 năm 2013 của Chín"
44209,47/2010/QH12,THAM_CHIEU,rule,0.8,"y định về giao nhận, bảo quản, vận chuyển tiền mặt, tài sản quý, giấy tờ có giá Căn cứ Luật Ngân hàng Nhà nước Việt Nam số 46/2010/QH12 ngày 16 tháng 6 năm 2010; Căn cứ Luật Các tổ chức tín dụng số 47/2010/QH12 ngày 16 tháng 6 năm 2010; Căn cứ Nghị định số 156/2013/NĐ-CP ngày 11 tháng 11 năm 2013 của Chín"
44209,21/2011/TT-NHNN,SUA_DOI_BO_SUNG,rule,0.8,"t, tài sản quý, giấy tờ có giá; b) Quyết định số 27/2007/QĐ-NHNN ngày 21/6/2007 sửa đổi, bổ sung một số Điều của Chế độ giao nhận, bảo quản, vận chuyển tiền mặt, tài sản quý, giấy tờ có giá ban hành theo Quyết định số 60/2006/QĐ-NHNN; c) Thông tư số 21/2011/TT-NHNN ngày 30/8/2011 sửa đổi, bổ sung Khoản 5 Điều 3 Chế"
44209,46/2010/QH12,THAM_CHIEU,rule,0.8,"NGÂN HÀNG NHÀ NƯỚC VIỆT NAM ------- CỘNG HÒA XÃ HỘI CHỦ NGHĨA VIỆT NAM Độc lập - Tự do - Hạnh phúc --------------- Số: 01/2014/TT-NHNN Hà Nội, ngày 06 tháng 01 năm 2014 THÔNG TƯ Quy định về giao nhận, bảo quản, vận chuyể"
44209,47/2010/QH12,THAM_CHIEU,rule,0.8,"NGÂN HÀNG NHÀ NƯỚC VIỆT NAM ------- CỘNG HÒA XÃ HỘI CHỦ NGHĨA VIỆT NAM Độc lập - Tự do - Hạnh phúc --------------- Số: 01/2014/TT-NHNN Hà Nội, ngày 06 tháng 01 năm 2014 THÔNG TƯ Quy định về giao nhận, bảo quản, vận chuyể"
44209,21/2011/TT-NHNN,THAM_CHIEU,rule,0.8,"NGÂN HÀNG NHÀ NƯỚC VIỆT NAM ------- CỘNG HÒA XÃ HỘI CHỦ NGHĨA VIỆT NAM Độc lập - Tự do - Hạnh phúc --------------- Số: 01/2014/TT-NHNN Hà Nội, ngày 06 tháng 01 năm 2014 THÔNG TƯ Quy định về giao nhận, bảo quản, vận chuyể"
6e689cd0-6f81-11f1-94d6-fd5d6d5ff793,12/2025/TT-NHNN,SUA_DOI_BO_SUNG,rule,0.8,"văn phòng đại diện nước ngoài, có hiệu lực kể từ ngày 24 tháng 12 năm 2024 được sửa đổi, bổ sung bởi: 1. Thông tư số 12/2025/TT-NHNN ngày 30 tháng 6 năm 2025 của Thống đốc Ngân hàng Nhà nước Việt Nam sửa đổi, bổ sung một số điều của các Thông tư quy định hồ sơ, thủ tục cấp Giấy phép lần đầu của ngân hàng thương mại"
6e689cd0-6f81-11f1-94d6-fd5d6d5ff793,56/2024/TT-NHNN,THAM_CHIEU,rule,0.8,"CỘNG HÒA XÃ HỘI CHỦ NGHĨA VIỆT NAM Độc lập - Tự do - Hạnh phúc CỘNG HÒA XÃ HỘI CHỦ NGHĨA VIỆT NAM Độc lập - Tự do - Hạnh phúc CỘNG HÒA XÃ HỘI CHỦ NGHĨA VIỆT NAM Độc lập - Tự do - Hạnh phúc THÔNG TƯ Quy định hồ sơ, thủ tụ"
6e689cd0-6f81-11f1-94d6-fd5d6d5ff793,12/2025/TT-NHNN,THAM_CHIEU,rule,0.8,"CỘNG HÒA XÃ HỘI CHỦ NGHĨA VIỆT NAM Độc lập - Tự do - Hạnh phúc CỘNG HÒA XÃ HỘI CHỦ NGHĨA VIỆT NAM Độc lập - Tự do - Hạnh phúc CỘNG HÒA XÃ HỘI CHỦ NGHĨA VIỆT NAM Độc lập - Tự do - Hạnh phúc THÔNG TƯ Quy định hồ sơ, thủ tụ"
6e689cd0-6f81-11f1-94d6-fd5d6d5ff793,11/2026/TT-NHNN,THAM_CHIEU,rule,0.8,"CỘNG HÒA XÃ HỘI CHỦ NGHĨA VIỆT NAM Độc lập - Tự do - Hạnh phúc CỘNG HÒA XÃ HỘI CHỦ NGHĨA VIỆT NAM Độc lập - Tự do - Hạnh phúc CỘNG HÒA XÃ HỘI CHỦ NGHĨA VIỆT NAM Độc lập - Tự do - Hạnh phúc THÔNG TƯ Quy định hồ sơ, thủ tụ"
112025,Chính phủ,BAN_HANH_BOI,metadata,0.85,Chính phủ
112025,Nguyễn Xuân Phúc,KY_BOI,metadata,0.85,Nguyễn Xuân Phúc
112025,Chưa phân loại,THUOC_LINH_VUC,metadata,0.82,Chưa phân loại
112025,Trung ương,AP_DUNG_CHO,metadata,0.72,Trung ương
112924,Bộ Tài chính,BAN_HANH_BOI,metadata,0.85,Bộ Tài chính
112924,Trần Xuân Hà,KY_BOI,metadata,0.85,Trần Xuân Hà
112924,Chưa phân loại,THUOC_LINH_VUC,metadata,0.82,Chưa phân loại
112924,Trung ương,AP_DUNG_CHO,metadata,0.72,Trung ương
117310,Ngân hàng Nhà nước Việt Nam,BAN_HANH_BOI,metadata,0.85,Ngân hàng Nhà nước Việt Nam
117310,Nguyễn Đồng Tiến,KY_BOI,metadata,0.85,Nguyễn Đồng Tiến
117310,"Thanh tra, giám sát ngân hàng",THUOC_LINH_VUC,metadata,0.82,"Thanh tra, giám sát ngân hàng"
117310,Trung ương,AP_DUNG_CHO,metadata,0.72,Trung ương
133858,Chính phủ,BAN_HANH_BOI,metadata,0.85,Chính phủ
133858,Nguyễn Xuân Phúc,KY_BOI,metadata,0.85,Nguyễn Xuân Phúc
133858,Chưa phân loại,THUOC_LINH_VUC,metadata,0.82,Chưa phân loại
133858,Trung ương,AP_DUNG_CHO,metadata,0.72,Trung ương
143217,Bộ Tài chính,BAN_HANH_BOI,metadata,0.85,Bộ Tài chính
143217,Chưa phân loại,THUOC_LINH_VUC,metadata,0.82,Chưa phân loại
143217,Trung ương,AP_DUNG_CHO,metadata,0.72,Trung ương
146468,Chính phủ,BAN_HANH_BOI,metadata,0.85,Chính phủ
146468,Nguyễn Xuân Phúc,KY_BOI,metadata,0.85,Nguyễn Xuân Phúc
146468,Chứng khoán,THUOC_LINH_VUC,metadata,0.82,Chứng khoán
146468,Trung ương,AP_DUNG_CHO,metadata,0.72,Trung ương
150974,Bộ Tài chính,BAN_HANH_BOI,metadata,0.85,Bộ Tài chính
150974,Tạ Anh Tuấn,KY_BOI,metadata,0.85,Tạ Anh Tuấn
150974,"Kế toán, kiểm toán",THUOC_LINH_VUC,metadata,0.82,"Kế toán, kiểm toán"
150974,Trung ương,AP_DUNG_CHO,metadata,0.72,Trung ương
163441,Chính phủ,BAN_HANH_BOI,metadata,0.85,Chính phủ
163441,Lê Minh Khái,KY_BOI,metadata,0.85,Lê Minh Khái
163441,Bảo hiểm,THUOC_LINH_VUC,metadata,0.82,Bảo hiểm
163441,Trung ương,AP_DUNG_CHO,metadata,0.72,Trung ương
164719,Ngân hàng Nhà nước Việt Nam,BAN_HANH_BOI,metadata,0.85,Ngân hàng Nhà nước Việt Nam
164719,Đoàn Thái Sơn,KY_BOI,metadata,0.85,Đoàn Thái Sơn
164719,"Thanh tra, giám sát ngân hàng",THUOC_LINH_VUC,metadata,0.82,"Thanh tra, giám sát ngân hàng"
164719,Trung ương,AP_DUNG_CHO,metadata,0.72,Trung ương
166170,Quốc hội,BAN_HANH_BOI,metadata,0.85,Quốc hội
166170,Vương Đình Huệ,KY_BOI,metadata,0.85,Vương Đình Huệ
166170,Tín dụng,THUOC_LINH_VUC,metadata,0.82,Tín dụng
166170,Trung ương,AP_DUNG_CHO,metadata,0.72,Trung ương
166269,Quốc hội,BAN_HANH_BOI,metadata,0.85,Quốc hội
166269,Vương Đình Huệ,KY_BOI,metadata,0.85,Vương Đình Huệ
166269,Chưa phân loại,THUOC_LINH_VUC,metadata,0.82,Chưa phân loại
166269,Trung ương,AP_DUNG_CHO,metadata,0.72,Trung ương
168220,Ngân hàng Nhà nước Việt Nam,BAN_HANH_BOI,metadata,0.85,Ngân hàng Nhà nước Việt Nam
168220,Đào Minh Tú,KY_BOI,metadata,0.85,Đào Minh Tú
168220,"Thanh tra, giám sát ngân hàng",THUOC_LINH_VUC,metadata,0.82,"Thanh tra, giám sát ngân hàng"
168220,Trung ương,AP_DUNG_CHO,metadata,0.72,Trung ương
168859,Ngân hàng Nhà nước Việt Nam,BAN_HANH_BOI,metadata,0.85,Ngân hàng Nhà nước Việt Nam
168859,Đào Minh Tú,KY_BOI,metadata,0.85,Đào Minh Tú
168859,"Thanh tra, giám sát ngân hàng",THUOC_LINH_VUC,metadata,0.82,"Thanh tra, giám sát ngân hàng"
168859,Trung ương,AP_DUNG_CHO,metadata,0.72,Trung ương
169221,Ngân hàng Nhà nước Việt Nam,BAN_HANH_BOI,metadata,0.85,Ngân hàng Nhà nước Việt Nam
169221,Phạm Thanh Hà,KY_BOI,metadata,0.85,Phạm Thanh Hà
169221,Quản lý ngoại hối,THUOC_LINH_VUC,metadata,0.82,Quản lý ngoại hối
169221,Trung ương,AP_DUNG_CHO,metadata,0.72,Trung ương
173460,Ngân hàng Nhà nước Việt Nam,BAN_HANH_BOI,metadata,0.85,Ngân hàng Nhà nước Việt Nam
173460,Đoàn Thái Sơn,KY_BOI,metadata,0.85,Đoàn Thái Sơn
173460,"Thanh tra, giám sát ngân hàng",THUOC_LINH_VUC,metadata,0.82,"Thanh tra, giám sát ngân hàng"
173460,Trung ương,AP_DUNG_CHO,metadata,0.72,Trung ương
173695,Ngân hàng Nhà nước Việt Nam,BAN_HANH_BOI,metadata,0.85,Ngân hàng Nhà nước Việt Nam
173695,Đoàn Thái Sơn,KY_BOI,metadata,0.85,Đoàn Thái Sơn
173695,"Thanh tra, giám sát ngân hàng",THUOC_LINH_VUC,metadata,0.82,"Thanh tra, giám sát ngân hàng"
173695,Trung ương,AP_DUNG_CHO,metadata,0.72,Trung ương
174218,Ngân hàng Nhà nước Việt Nam,BAN_HANH_BOI,metadata,0.85,Ngân hàng Nhà nước Việt Nam
174218,Đoàn Thái Sơn,KY_BOI,metadata,0.85,Đoàn Thái Sơn
174218,"Thanh tra, giám sát ngân hàng",THUOC_LINH_VUC,metadata,0.82,"Thanh tra, giám sát ngân hàng"
174218,Trung ương,AP_DUNG_CHO,metadata,0.72,Trung ương
177271,Ngân hàng Nhà nước Việt Nam,BAN_HANH_BOI,metadata,0.85,Ngân hàng Nhà nước Việt Nam
177271,Đoàn Thái Sơn,KY_BOI,metadata,0.85,Đoàn Thái Sơn
177271,Cục An toàn hệ thống các tổ chức tín dụng,THUOC_LINH_VUC,metadata,0.82,Cục An toàn hệ thống các tổ chức tín dụng
177271,Trung ương,AP_DUNG_CHO,metadata,0.72,Trung ương
185630,Ngân hàng Nhà nước Việt Nam,BAN_HANH_BOI,metadata,0.85,Ngân hàng Nhà nước Việt Nam
185630,Đoàn Thái Sơn,KY_BOI,metadata,0.85,Đoàn Thái Sơn
185630,"Lao động, tiền lương, tiền công",THUOC_LINH_VUC,metadata,0.82,"Lao động, tiền lương, tiền công"
185630,Trung ương,AP_DUNG_CHO,metadata,0.72,Trung ương
186482,Ngân hàng Nhà nước Việt Nam,BAN_HANH_BOI,metadata,0.85,Ngân hàng Nhà nước Việt Nam
186482,Đoàn Thái Sơn,KY_BOI,metadata,0.85,Đoàn Thái Sơn
186482,Cục An toàn hệ thống các tổ chức tín dụng,THUOC_LINH_VUC,metadata,0.82,Cục An toàn hệ thống các tổ chức tín dụng
186482,Trung ương,AP_DUNG_CHO,metadata,0.72,Trung ương
186888,Ngân hàng Nhà nước Việt Nam,BAN_HANH_BOI,metadata,0.85,Ngân hàng Nhà nước Việt Nam
186888,Đoàn Thái Sơn,KY_BOI,metadata,0.85,Đoàn Thái Sơn
186888,Cục An toàn hệ thống các tổ chức tín dụng,THUOC_LINH_VUC,metadata,0.82,Cục An toàn hệ thống các tổ chức tín dụng
186888,Trung ương,AP_DUNG_CHO,metadata,0.72,Trung ương
25692,Quốc hội,BAN_HANH_BOI,metadata,0.85,Quốc hội
25692,Nguyễn Phú Trọng,KY_BOI,metadata,0.85,Nguyễn Phú Trọng
25692,Toàn quốc,AP_DUNG_CHO,metadata,0.72,Toàn quốc
26750,Quốc hội,BAN_HANH_BOI,metadata,0.85,Quốc hội
26750,Nguyễn Phú Trọng,KY_BOI,metadata,0.85,Nguyễn Phú Trọng
26750,Chưa phân loại,THUOC_LINH_VUC,metadata,0.82,Chưa phân loại
26750,Trung ương,AP_DUNG_CHO,metadata,0.72,Trung ương
27257,Ngân hàng Nhà nước Việt Nam,BAN_HANH_BOI,metadata,0.85,Ngân hàng Nhà nước Việt Nam
27257,Trần Minh Tuấn,KY_BOI,metadata,0.85,Trần Minh Tuấn
27257,Chưa phân loại,THUOC_LINH_VUC,metadata,0.82,Chưa phân loại
27257,Trung ương,AP_DUNG_CHO,metadata,0.72,Trung ương
30402,Bộ Tài chính,BAN_HANH_BOI,metadata,0.85,Bộ Tài chính
30402,Trần Xuân Hà,KY_BOI,metadata,0.85,Trần Xuân Hà
30402,Quản lý dịch vụ tài chính và các quỹ tài chính,THUOC_LINH_VUC,metadata,0.82,Quản lý dịch vụ tài chính và các quỹ tài chính
30402,Trung ương,AP_DUNG_CHO,metadata,0.72,Trung ương
38128,Ngân hàng Nhà nước Việt Nam,BAN_HANH_BOI,metadata,0.85,Ngân hàng Nhà nước Việt Nam
38128,Đào Minh Tú,KY_BOI,metadata,0.85,Đào Minh Tú
38128,Phát hành và kho quỹ,THUOC_LINH_VUC,metadata,0.82,Phát hành và kho quỹ
38128,Trung ương,AP_DUNG_CHO,metadata,0.72,Trung ương
44209,Ngân hàng Nhà nước Việt Nam,BAN_HANH_BOI,metadata,0.85,Ngân hàng Nhà nước Việt Nam
44209,Đào Minh Tú,KY_BOI,metadata,0.85,Đào Minh Tú
44209,Phát hành và kho quỹ,THUOC_LINH_VUC,metadata,0.82,Phát hành và kho quỹ
44209,Trung ương,AP_DUNG_CHO,metadata,0.72,Trung ương
6e689cd0-6f81-11f1-94d6-fd5d6d5ff793,Ngân hàng Nhà nước Việt Nam,BAN_HANH_BOI,metadata,0.85,Ngân hàng Nhà nước Việt Nam
6e689cd0-6f81-11f1-94d6-fd5d6d5ff793,Đoàn Thái Sơn,KY_BOI,metadata,0.85,Đoàn Thái Sơn
6e689cd0-6f81-11f1-94d6-fd5d6d5ff793,Trung ương,AP_DUNG_CHO,metadata,0.72,Trung ương
95652,Chính phủ,BAN_HANH_BOI,metadata,0.85,Chính phủ
95652,Nguyễn Tấn Dũng,KY_BOI,metadata,0.85,Nguyễn Tấn Dũng
95652,Chưa phân loại,THUOC_LINH_VUC,metadata,0.82,Chưa phân loại
95652,Trung ương,AP_DUNG_CHO,metadata,0.72,Trung ương
f69936f0-6937-11f1-a48d-29bc6b0fd706,Bộ Tài chính,BAN_HANH_BOI,metadata,0.85,Bộ Tài chính
f69936f0-6937-11f1-a48d-29bc6b0fd706,Nguyễn Đức Chi,KY_BOI,metadata,0.85,Nguyễn Đức Chi
f69936f0-6937-11f1-a48d-29bc6b0fd706,Trung ương,AP_DUNG_CHO,metadata,0.72,Trung ương
